2026-05-12T10:51:14.137+03:00  INFO 22044 --- [AdultEducation] [main] c.w.A.AdultsEducationApplication         : Starting AdultsEducationApplication using Java 23.0.1 with PID 22044 (D:\коледж\КУРСОВИЙ\AdultsEducation\AdultsEducation\target\classes started by Катя in D:\коледж\КУРСОВИЙ\AdultsEducation\AdultsEducation)
2026-05-12T10:51:14.148+03:00 DEBUG 22044 --- [AdultEducation] [main] c.w.A.AdultsEducationApplication         : Running with Spring Boot v4.0.6, Spring v7.0.7
2026-05-12T10:51:14.149+03:00  INFO 22044 --- [AdultEducation] [main] c.w.A.AdultsEducationApplication         : No active profile set, falling back to 1 default profile: "default"
2026-05-12T10:51:27.496+03:00  INFO 22044 --- [AdultEducation] [main] .s.d.r.c.RepositoryConfigurationDelegate : Bootstrapping Spring Data JPA repositories in DEFAULT mode.
2026-05-12T10:51:27.641+03:00  INFO 22044 --- [AdultEducation] [main] .s.d.r.c.RepositoryConfigurationDelegate : Finished Spring Data repository scanning in 137 ms. Found 10 JPA repository interfaces.
2026-05-12T10:51:30.832+03:00  INFO 22044 --- [AdultEducation] [main] o.s.boot.tomcat.TomcatWebServer          : Tomcat initialized with port 8080 (http)
2026-05-12T10:51:30.855+03:00  INFO 22044 --- [AdultEducation] [main] o.apache.catalina.core.StandardService   : Starting service [Tomcat]
2026-05-12T10:51:30.857+03:00  INFO 22044 --- [AdultEducation] [main] o.apache.catalina.core.StandardEngine    : Starting Servlet engine: [Apache Tomcat/11.0.21]
2026-05-12T10:51:30.950+03:00  INFO 22044 --- [AdultEducation] [main] b.w.c.s.WebApplicationContextInitializer : Root WebApplicationContext: initialization completed in 16725 ms
2026-05-12T10:51:31.422+03:00  INFO 22044 --- [AdultEducation] [main] org.hibernate.orm.jpa                    : HHH008540: Processing PersistenceUnitInfo [name: default]
2026-05-12T10:51:31.545+03:00  INFO 22044 --- [AdultEducation] [main] org.hibernate.orm.core                   : HHH000001: Hibernate ORM core version 7.2.12.Final
2026-05-12T10:51:33.042+03:00  INFO 22044 --- [AdultEducation] [main] o.s.o.j.p.SpringPersistenceUnitInfo      : No LoadTimeWeaver setup: ignoring JPA class transformer
2026-05-12T10:51:33.147+03:00  INFO 22044 --- [AdultEducation] [main] com.zaxxer.hikari.HikariDataSource       : HikariPool-1 - Starting...
2026-05-12T10:51:35.719+03:00  INFO 22044 --- [AdultEducation] [main] com.zaxxer.hikari.pool.HikariPool        : HikariPool-1 - Added connection com.mysql.cj.jdbc.ConnectionImpl@3897f9ae
2026-05-12T10:51:35.719+03:00  INFO 22044 --- [AdultEducation] [main] com.zaxxer.hikari.HikariDataSource       : HikariPool-1 - Start completed.
2026-05-12T10:51:36.145+03:00  INFO 22044 --- [AdultEducation] [main] org.hibernate.orm.connections.pooling    : HHH10001005: Database info:
	Database JDBC URL [jdbc:mysql://localhost:3306/adults_education?createDatabaseIfNotExist=true&serverTimezone=UTC]
	Database driver: MySQL Connector/J
	Database dialect: MySQLDialect
	Database version: 8.0.34
	Default catalog/schema: adults_education/undefined
	Autocommit mode: undefined/unknown
	Isolation level: REPEATABLE_READ [default REPEATABLE_READ]
	JDBC fetch size: none
	Pool: DataSourceConnectionProvider
	Minimum pool size: undefined/unknown
	Maximum pool size: undefined/unknown
2026-05-12T10:51:39.025+03:00  INFO 22044 --- [AdultEducation] [main] org.hibernate.orm.core                   : HHH000489: No JTA platform available (set 'hibernate.transaction.jta.platform' to enable JTA platform integration)
2026-05-12T10:51:39.633+03:00  INFO 22044 --- [AdultEducation] [main] j.LocalContainerEntityManagerFactoryBean : Initialized JPA EntityManagerFactory for persistence unit 'default'
2026-05-12T10:51:39.771+03:00  INFO 22044 --- [AdultEducation] [main] o.s.d.j.r.query.QueryEnhancerFactories   : Hibernate is in classpath; If applicable, HQL parser will be used.
2026-05-12T10:51:40.048+03:00 DEBUG 22044 --- [AdultEducation] [main] c.w.A.c.s.JwtAuthenticationFilter        : Filter 'jwtAuthenticationFilter' configured for use
2026-05-12T10:51:40.149+03:00  INFO 22044 --- [AdultEducation] [main] eAuthenticationProviderManagerConfigurer : Global AuthenticationManager configured with AuthenticationProvider bean with name authenticationProvider
2026-05-12T10:51:40.149+03:00  WARN 22044 --- [AdultEducation] [main] r$InitializeUserDetailsManagerConfigurer : Global AuthenticationManager configured with an AuthenticationProvider bean. UserDetailsService beans will not be used by Spring Security for automatically configuring username/password login. Consider removing the AuthenticationProvider bean. Alternatively, consider using the UserDetailsService in a manually instantiated DaoAuthenticationProvider. If the current configuration is intentional, to turn off this warning, increase the logging level of 'org.springframework.security.config.annotation.authentication.configuration.InitializeUserDetailsBeanManagerConfigurer' to ERROR
2026-05-12T10:51:41.435+03:00  WARN 22044 --- [AdultEducation] [main] JpaBaseConfiguration$JpaWebConfiguration : spring.jpa.open-in-view is enabled by default. Therefore, database queries may be performed during view rendering. Explicitly configure spring.jpa.open-in-view to disable this warning
2026-05-12T10:51:42.551+03:00  INFO 22044 --- [AdultEducation] [main] o.s.boot.tomcat.TomcatWebServer          : Tomcat started on port 8080 (http) with context path '/'
2026-05-12T10:51:42.558+03:00  INFO 22044 --- [AdultEducation] [main] c.w.A.AdultsEducationApplication         : Started AdultsEducationApplication in 29.267 seconds (process running for 38.101)
2026-05-12T10:51:42.564+03:00  WARN 22044 --- [AdultEducation] [main] o.s.core.events.SpringDocAppInitializer  : SpringDoc /v3/api-docs endpoint is enabled by default. To disable it in production, set the property 'springdoc.api-docs.enabled=false'
2026-05-12T10:51:42.564+03:00  WARN 22044 --- [AdultEducation] [main] o.s.core.events.SpringDocAppInitializer  : SpringDoc /swagger-ui.html endpoint is enabled by default. To disable it in production, set the property 'springdoc.swagger-ui.enabled=false'
2026-05-12T10:52:58.730+03:00  INFO 22044 --- [AdultEducation] [http-nio-8080-exec-2] o.a.c.c.C.[Tomcat].[localhost].[/]       : Initializing Spring DispatcherServlet 'dispatcherServlet'
2026-05-12T10:52:58.730+03:00  INFO 22044 --- [AdultEducation] [http-nio-8080-exec-2] o.s.web.servlet.DispatcherServlet        : Initializing Servlet 'dispatcherServlet'
2026-05-12T10:52:58.733+03:00  INFO 22044 --- [AdultEducation] [http-nio-8080-exec-2] o.s.web.servlet.DispatcherServlet        : Completed initialization in 3 ms
2026-05-12T10:52:58.826+03:00  INFO 22044 --- [AdultEducation] [http-nio-8080-exec-1] c.w.A.aspect.LoggingAspect               : → CourseServiceImpl.getAll called with args: [CourseFilter[title=null, topic=null, format=null, minPrice=null, maxPrice=null, minHours=null, maxHours=null, teacherId=null], Page request [number: 0, size 6, sort: id: DESC], true]
2026-05-12T10:52:58.922+03:00  INFO 22044 --- [AdultEducation] [http-nio-8080-exec-1] c.w.A.aspect.LoggingAspect               : ← CourseServiceImpl.getAll completed in 93 ms
2026-05-12T10:52:59.083+03:00  WARN 22044 --- [AdultEducation] [http-nio-8080-exec-1] ration$PageModule$WarningLoggingModifier : Serializing PageImpl instances as-is is not supported, meaning that there is no guarantee about the stability of the resulting JSON structure!
	For a stable JSON structure, please use Spring Data's PagedModel (globally via @EnableSpringDataWebSupport(pageSerializationMode = VIA_DTO))
	or Spring HATEOAS and Spring Data's PagedResourcesAssembler as documented in https://docs.spring.io/spring-data/commons/reference/repositories/core-extensions.html#core.web.pageables.

2026-05-12T10:53:12.371+03:00  INFO 22044 --- [AdultEducation] [http-nio-8080-exec-4] c.w.A.aspect.LoggingAspect               : → AuthService.login called
2026-05-12T10:53:12.824+03:00  INFO 22044 --- [AdultEducation] [http-nio-8080-exec-4] c.w.A.aspect.LoggingAspect               : ← AuthService.login completed in 453 ms
2026-05-12T10:53:12.912+03:00  INFO 22044 --- [AdultEducation] [http-nio-8080-exec-6] c.w.A.aspect.LoggingAspect               : → MeServiceImpl.getMyProfile called with args: []
2026-05-12T10:53:12.921+03:00  INFO 22044 --- [AdultEducation] [http-nio-8080-exec-6] c.w.A.aspect.LoggingAspect               : ← MeServiceImpl.getMyProfile completed in 9 ms
2026-05-12T10:53:13.176+03:00  INFO 22044 --- [AdultEducation] [http-nio-8080-exec-9] c.w.A.aspect.LoggingAspect               : → CourseServiceImpl.getAll called with args: [CourseFilter[title=null, topic=null, format=null, minPrice=null, maxPrice=null, minHours=null, maxHours=null, teacherId=null], Page request [number: 0, size 6, sort: id: DESC], true]
2026-05-12T10:53:13.184+03:00  INFO 22044 --- [AdultEducation] [http-nio-8080-exec-9] c.w.A.aspect.LoggingAspect               : ← CourseServiceImpl.getAll completed in 7 ms
2026-05-12T10:53:15.803+03:00  INFO 22044 --- [AdultEducation] [http-nio-8080-exec-1] c.w.A.aspect.LoggingAspect               : → UserServiceImpl.getAll called with args: [UserFilter[email=null, role=null, active=null], Page request [number: 0, size 10, sort: createdAt: DESC]]
2026-05-12T10:53:15.819+03:00  INFO 22044 --- [AdultEducation] [http-nio-8080-exec-1] c.w.A.aspect.LoggingAspect               : ← UserServiceImpl.getAll completed in 15 ms
2026-05-12T10:53:18.111+03:00  INFO 22044 --- [AdultEducation] [http-nio-8080-exec-6] c.w.A.aspect.LoggingAspect               : → UserServiceImpl.getAll called with args: [UserFilter[email=null, role=TEACHER, active=null], Page request [number: 0, size 200, sort: id: ASC]]
2026-05-12T10:53:18.111+03:00  INFO 22044 --- [AdultEducation] [http-nio-8080-exec-5] c.w.A.aspect.LoggingAspect               : → CourseServiceImpl.getAll called with args: [CourseFilter[title=null, topic=null, format=null, minPrice=null, maxPrice=null, minHours=null, maxHours=null, teacherId=null], Page request [number: 0, size 10, sort: createdAt: DESC], false]
2026-05-12T10:53:18.116+03:00  INFO 22044 --- [AdultEducation] [http-nio-8080-exec-6] c.w.A.aspect.LoggingAspect               : ← UserServiceImpl.getAll completed in 4 ms
2026-05-12T10:53:18.122+03:00  INFO 22044 --- [AdultEducation] [http-nio-8080-exec-5] c.w.A.aspect.LoggingAspect               : ← CourseServiceImpl.getAll completed in 10 ms
2026-05-12T10:59:45.437+03:00  INFO 22044 --- [AdultEducation] [http-nio-8080-exec-9] c.w.A.aspect.LoggingAspect               : → FileStorageServiceImpl.store called
2026-05-12T10:59:45.486+03:00  INFO 22044 --- [AdultEducation] [http-nio-8080-exec-9] c.w.A.s.impl.FileStorageServiceImpl      : File stored: http://localhost:8080/uploads/courses/476e773c-4ff6-426f-b108-722ab09a79e2.jpg
2026-05-12T10:59:45.486+03:00  INFO 22044 --- [AdultEducation] [http-nio-8080-exec-9] c.w.A.aspect.LoggingAspect               : ← FileStorageServiceImpl.store completed in 46 ms
2026-05-12T10:59:46.918+03:00  INFO 22044 --- [AdultEducation] [http-nio-8080-exec-3] c.w.A.aspect.LoggingAspect               : → CourseServiceImpl.update called with args: [15, CourseRequest[title=Німецька A1-A2, description=Базовий курс німецької з нуля. Граматика, лексика, діалоги. Підготовка до рівня A2 за Goethe-стандартом., topic=LANGUAGES, format=HYBRID, price=3200, durationHours=50, coverUrl=http://localhost:8080/uploads/courses/476e773c-4ff6-426f-b108-722ab09a79e2.jpg, teacherId=null]]
2026-05-12T10:59:46.918+03:00  INFO 22044 --- [AdultEducation] [http-nio-8080-exec-3] c.w.A.aspect.LoggingAspect               : ← CourseServiceImpl.update completed in 0 ms
2026-05-12T10:59:51.521+03:00  INFO 22044 --- [AdultEducation] [http-nio-8080-exec-4] c.w.A.aspect.LoggingAspect               : → FileStorageServiceImpl.store called
2026-05-12T10:59:51.530+03:00  INFO 22044 --- [AdultEducation] [http-nio-8080-exec-4] c.w.A.s.impl.FileStorageServiceImpl      : File stored: http://localhost:8080/uploads/courses/84b6d97d-fee7-4189-b6b2-da66283b6cd0.jpg
2026-05-12T10:59:51.530+03:00  INFO 22044 --- [AdultEducation] [http-nio-8080-exec-4] c.w.A.aspect.LoggingAspect               : ← FileStorageServiceImpl.store completed in 9 ms
2026-05-12T10:59:52.918+03:00  INFO 22044 --- [AdultEducation] [http-nio-8080-exec-7] c.w.A.aspect.LoggingAspect               : → CourseServiceImpl.update called with args: [14, CourseRequest[title=English for IT, description=Англійська для IT-спеціалістів: співбесіди, технічна термінологія, stand-up мітинги, листування з клієнтами., topic=LANGUAGES, format=ONLINE, price=2600, durationHours=35, coverUrl=http://localhost:8080/uploads/courses/84b6d97d-fee7-4189-b6b2-da66283b6cd0.jpg, teacherId=null]]
2026-05-12T10:59:52.918+03:00  INFO 22044 --- [AdultEducation] [http-nio-8080-exec-7] c.w.A.aspect.LoggingAspect               : ← CourseServiceImpl.update completed in 0 ms
2026-05-12T10:59:55.948+03:00  INFO 22044 --- [AdultEducation] [http-nio-8080-exec-10] c.w.A.aspect.LoggingAspect               : → CourseServiceImpl.getAll called with args: [CourseFilter[title=null, topic=null, format=null, minPrice=null, maxPrice=null, minHours=null, maxHours=null, teacherId=null], Page request [number: 0, size 12, sort: id: DESC], true]
2026-05-12T10:59:55.952+03:00  INFO 22044 --- [AdultEducation] [http-nio-8080-exec-10] c.w.A.aspect.LoggingAspect               : ← CourseServiceImpl.getAll completed in 4 ms
2026-05-12T10:59:57.356+03:00  INFO 22044 --- [AdultEducation] [http-nio-8080-exec-9] c.w.A.aspect.LoggingAspect               : → CourseServiceImpl.getById called with args: [15, true]
2026-05-12T10:59:57.357+03:00  INFO 22044 --- [AdultEducation] [http-nio-8080-exec-9] c.w.A.aspect.LoggingAspect               : ← CourseServiceImpl.getById completed in 1 ms
2026-05-12T10:59:57.357+03:00  INFO 22044 --- [AdultEducation] [http-nio-8080-exec-1] c.w.A.aspect.LoggingAspect               : → LessonServiceImpl.getLessonsForCoursePreview called with args: [15]
2026-05-12T10:59:57.368+03:00  INFO 22044 --- [AdultEducation] [http-nio-8080-exec-1] c.w.A.aspect.LoggingAspect               : ← LessonServiceImpl.getLessonsForCoursePreview completed in 11 ms
2026-05-12T10:59:57.404+03:00  INFO 22044 --- [AdultEducation] [http-nio-8080-exec-5] c.w.A.aspect.LoggingAspect               : → ReviewServiceImpl.getAll called with args: [ReviewFilter[courseId=15, studentId=null, minRating=null, maxRating=null], Page request [number: 0, size 5, sort: id: DESC], true]
2026-05-12T10:59:57.404+03:00  INFO 22044 --- [AdultEducation] [http-nio-8080-exec-6] c.w.A.aspect.LoggingAspect               : → ReviewServiceImpl.getAll called with args: [ReviewFilter[courseId=15, studentId=1, minRating=null, maxRating=null], Page request [number: 0, size 1, sort: id: ASC], true]
2026-05-12T10:59:57.409+03:00  INFO 22044 --- [AdultEducation] [http-nio-8080-exec-5] c.w.A.aspect.LoggingAspect               : ← ReviewServiceImpl.getAll completed in 5 ms
2026-05-12T10:59:57.409+03:00  INFO 22044 --- [AdultEducation] [http-nio-8080-exec-6] c.w.A.aspect.LoggingAspect               : ← ReviewServiceImpl.getAll completed in 5 ms
2026-05-12T11:00:01.011+03:00  INFO 22044 --- [AdultEducation] [http-nio-8080-exec-7] c.w.A.aspect.LoggingAspect               : → CourseServiceImpl.getAll called with args: [CourseFilter[title=null, topic=null, format=null, minPrice=null, maxPrice=null, minHours=null, maxHours=null, teacherId=null], Page request [number: 0, size 12, sort: id: DESC], true]
2026-05-12T11:00:01.018+03:00  INFO 22044 --- [AdultEducation] [http-nio-8080-exec-7] c.w.A.aspect.LoggingAspect               : ← CourseServiceImpl.getAll completed in 7 ms
2026-05-12T11:00:04.134+03:00  INFO 22044 --- [AdultEducation] [http-nio-8080-exec-8] c.w.A.aspect.LoggingAspect               : → UserServiceImpl.getAll called with args: [UserFilter[email=null, role=null, active=null], Page request [number: 0, size 10, sort: createdAt: DESC]]
2026-05-12T11:00:04.139+03:00  INFO 22044 --- [AdultEducation] [http-nio-8080-exec-8] c.w.A.aspect.LoggingAspect               : ← UserServiceImpl.getAll completed in 5 ms
2026-05-12T11:00:29.414+03:00  INFO 22044 --- [AdultEducation] [http-nio-8080-exec-10] c.w.A.aspect.LoggingAspect               : → UserServiceImpl.getAll called with args: [UserFilter[email=null, role=TEACHER, active=null], Page request [number: 0, size 200, sort: id: ASC]]
2026-05-12T11:00:29.414+03:00  INFO 22044 --- [AdultEducation] [http-nio-8080-exec-2] c.w.A.aspect.LoggingAspect               : → CourseServiceImpl.getAll called with args: [CourseFilter[title=null, topic=null, format=null, minPrice=null, maxPrice=null, minHours=null, maxHours=null, teacherId=null], Page request [number: 0, size 10, sort: createdAt: DESC], false]
2026-05-12T11:00:29.417+03:00  INFO 22044 --- [AdultEducation] [http-nio-8080-exec-10] c.w.A.aspect.LoggingAspect               : ← UserServiceImpl.getAll completed in 3 ms
2026-05-12T11:00:29.420+03:00  INFO 22044 --- [AdultEducation] [http-nio-8080-exec-2] c.w.A.aspect.LoggingAspect               : ← CourseServiceImpl.getAll completed in 6 ms
2026-05-12T11:00:51.734+03:00  WARN 22044 --- [AdultEducation] [http-nio-8080-exec-1] org.apache.catalina.connector.Request    : Creating the temporary upload location [C:\Users\Катя\AppData\Local\Temp\tomcat.8080.11410681352668555439\work\Tomcat\localhost\ROOT] as it is required by the servlet [dispatcherServlet]
2026-05-12T11:00:51.739+03:00  INFO 22044 --- [AdultEducation] [http-nio-8080-exec-1] c.w.A.aspect.LoggingAspect               : → FileStorageServiceImpl.store called
2026-05-12T11:00:51.747+03:00  INFO 22044 --- [AdultEducation] [http-nio-8080-exec-1] c.w.A.s.impl.FileStorageServiceImpl      : File stored: http://localhost:8080/uploads/courses/29c6e47f-ea5b-4a7f-9c91-b89e556633ab.jpg
2026-05-12T11:00:51.747+03:00  INFO 22044 --- [AdultEducation] [http-nio-8080-exec-1] c.w.A.aspect.LoggingAspect               : ← FileStorageServiceImpl.store completed in 8 ms
2026-05-12T11:00:53.529+03:00  INFO 22044 --- [AdultEducation] [http-nio-8080-exec-6] c.w.A.aspect.LoggingAspect               : → CourseServiceImpl.update called with args: [13, CourseRequest[title=Особисті фінанси, description=Бюджет, подушка безпеки, фінансові цілі, кредити — як керувати власними грошима ефективно., topic=FINANCE, format=SELF_PACED, price=0, durationHours=10, coverUrl=http://localhost:8080/uploads/courses/29c6e47f-ea5b-4a7f-9c91-b89e556633ab.jpg, teacherId=null]]
2026-05-12T11:00:53.535+03:00  INFO 22044 --- [AdultEducation] [http-nio-8080-exec-6] c.w.A.aspect.LoggingAspect               : ← CourseServiceImpl.update completed in 6 ms
2026-05-12T11:01:28.126+03:00  INFO 22044 --- [AdultEducation] [http-nio-8080-exec-5] c.w.A.aspect.LoggingAspect               : → FileStorageServiceImpl.store called
2026-05-12T11:01:28.136+03:00  INFO 22044 --- [AdultEducation] [http-nio-8080-exec-5] c.w.A.s.impl.FileStorageServiceImpl      : File stored: http://localhost:8080/uploads/courses/f5a50747-82c3-4961-ac04-e2998a6e9267.jpg
2026-05-12T11:01:28.136+03:00  INFO 22044 --- [AdultEducation] [http-nio-8080-exec-5] c.w.A.aspect.LoggingAspect               : ← FileStorageServiceImpl.store completed in 10 ms
2026-05-12T11:01:29.620+03:00  INFO 22044 --- [AdultEducation] [http-nio-8080-exec-10] c.w.A.aspect.LoggingAspect               : → CourseServiceImpl.update called with args: [12, CourseRequest[title=Інвестиції для початківців, description=Як інвестувати в акції, ETF, облігації. Дивідендна стратегія, ризик-менеджмент, податки. Для фізичних осіб., topic=FINANCE, format=ONLINE, price=1900, durationHours=18, coverUrl=http://localhost:8080/uploads/courses/f5a50747-82c3-4961-ac04-e2998a6e9267.jpg, teacherId=null]]
2026-05-12T11:01:29.620+03:00  INFO 22044 --- [AdultEducation] [http-nio-8080-exec-10] c.w.A.aspect.LoggingAspect               : ← CourseServiceImpl.update completed in 0 ms
2026-05-12T11:01:34.966+03:00  INFO 22044 --- [AdultEducation] [http-nio-8080-exec-9] c.w.A.aspect.LoggingAspect               : → FileStorageServiceImpl.store called
2026-05-12T11:01:34.973+03:00  INFO 22044 --- [AdultEducation] [http-nio-8080-exec-9] c.w.A.s.impl.FileStorageServiceImpl      : File stored: http://localhost:8080/uploads/courses/8df09c11-8e4e-4a30-8856-2ea0d035a994.jpg
2026-05-12T11:01:34.973+03:00  INFO 22044 --- [AdultEducation] [http-nio-8080-exec-9] c.w.A.aspect.LoggingAspect               : ← FileStorageServiceImpl.store completed in 7 ms
2026-05-12T11:01:36.225+03:00  INFO 22044 --- [AdultEducation] [http-nio-8080-exec-4] c.w.A.aspect.LoggingAspect               : → CourseServiceImpl.update called with args: [12, CourseRequest[title=Інвестиції для початківців, description=Як інвестувати в акції, ETF, облігації. Дивідендна стратегія, ризик-менеджмент, податки. Для фізичних осіб., topic=FINANCE, format=ONLINE, price=1900, durationHours=18, coverUrl=http://localhost:8080/uploads/courses/8df09c11-8e4e-4a30-8856-2ea0d035a994.jpg, teacherId=null]]
2026-05-12T11:01:36.230+03:00  INFO 22044 --- [AdultEducation] [http-nio-8080-exec-4] c.w.A.aspect.LoggingAspect               : ← CourseServiceImpl.update completed in 5 ms
2026-05-12T11:02:52.465+03:00  INFO 22044 --- [AdultEducation] [http-nio-8080-exec-7] c.w.A.aspect.LoggingAspect               : → CourseServiceImpl.getAll called with args: [CourseFilter[title=null, topic=null, format=null, minPrice=null, maxPrice=null, minHours=null, maxHours=null, teacherId=null], Page request [number: 1, size 10, sort: createdAt: DESC], false]
2026-05-12T11:02:52.468+03:00  INFO 22044 --- [AdultEducation] [http-nio-8080-exec-7] c.w.A.aspect.LoggingAspect               : ← CourseServiceImpl.getAll completed in 3 ms
2026-05-12T11:02:58.894+03:00  INFO 22044 --- [AdultEducation] [http-nio-8080-exec-2] c.w.A.aspect.LoggingAspect               : → CourseServiceImpl.update called with args: [3, CourseRequest[title=SQL та проєктування БД, description=Від простого SELECT до window functions, stored procedures та оптимізації запитів. Основи проєктування реляційних БД., topic=PROGRAMMING, format=SELF_PACED, price=1500, durationHours=25, coverUrl=, teacherId=null]]
2026-05-12T11:02:58.897+03:00  INFO 22044 --- [AdultEducation] [http-nio-8080-exec-2] c.w.A.aspect.LoggingAspect               : ← CourseServiceImpl.update completed in 3 ms
2026-05-12T11:03:00.523+03:00  INFO 22044 --- [AdultEducation] [http-nio-8080-exec-9] c.w.A.aspect.LoggingAspect               : → CourseServiceImpl.getAll called with args: [CourseFilter[title=null, topic=null, format=null, minPrice=null, maxPrice=null, minHours=null, maxHours=null, teacherId=null], Page request [number: 0, size 10, sort: createdAt: DESC], false]
2026-05-12T11:03:00.533+03:00  INFO 22044 --- [AdultEducation] [http-nio-8080-exec-9] c.w.A.aspect.LoggingAspect               : ← CourseServiceImpl.getAll completed in 10 ms
2026-05-12T11:04:44.353+03:00  INFO 22044 --- [AdultEducation] [http-nio-8080-exec-3] c.w.A.aspect.LoggingAspect               : → FileStorageServiceImpl.store called
2026-05-12T11:04:44.358+03:00  INFO 22044 --- [AdultEducation] [http-nio-8080-exec-3] c.w.A.s.impl.FileStorageServiceImpl      : File stored: http://localhost:8080/uploads/courses/02a74d8c-e04d-4b94-b0d4-ce2ab84ae9f8.jpg
2026-05-12T11:04:44.358+03:00  INFO 22044 --- [AdultEducation] [http-nio-8080-exec-3] c.w.A.aspect.LoggingAspect               : ← FileStorageServiceImpl.store completed in 5 ms
2026-05-12T11:04:45.282+03:00  INFO 22044 --- [AdultEducation] [http-nio-8080-exec-7] c.w.A.aspect.LoggingAspect               : → CourseServiceImpl.update called with args: [11, CourseRequest[title=Управління командою, description=Як формувати, мотивувати та розвивати команду. One-on-one мітинги, OKR, зворотний зв'язок, конфлікти., topic=BUSINESS, format=ONLINE, price=2800, durationHours=20, coverUrl=http://localhost:8080/uploads/courses/02a74d8c-e04d-4b94-b0d4-ce2ab84ae9f8.jpg, teacherId=null]]
2026-05-12T11:04:45.282+03:00  INFO 22044 --- [AdultEducation] [http-nio-8080-exec-7] c.w.A.aspect.LoggingAspect               : ← CourseServiceImpl.update completed in 0 ms
2026-05-12T11:04:50.140+03:00  INFO 22044 --- [AdultEducation] [http-nio-8080-exec-8] c.w.A.aspect.LoggingAspect               : → FileStorageServiceImpl.store called
2026-05-12T11:04:50.149+03:00  INFO 22044 --- [AdultEducation] [http-nio-8080-exec-8] c.w.A.s.impl.FileStorageServiceImpl      : File stored: http://localhost:8080/uploads/courses/9d563c36-e746-48be-b38f-84f99376e018.jpg
2026-05-12T11:04:50.149+03:00  INFO 22044 --- [AdultEducation] [http-nio-8080-exec-8] c.w.A.aspect.LoggingAspect               : ← FileStorageServiceImpl.store completed in 9 ms
2026-05-12T11:04:51.146+03:00  INFO 22044 --- [AdultEducation] [http-nio-8080-exec-9] c.w.A.aspect.LoggingAspect               : → CourseServiceImpl.update called with args: [10, CourseRequest[title=Запуск стартапу з нуля, description=Від ідеї до MVP. Customer Development, unit-економіка, пошук інвесторів, команда, культура. Живі кейси з власного досвіду., topic=BUSINESS, format=HYBRID, price=4500, durationHours=40, coverUrl=http://localhost:8080/uploads/courses/9d563c36-e746-48be-b38f-84f99376e018.jpg, teacherId=null]]
2026-05-12T11:04:51.148+03:00  INFO 22044 --- [AdultEducation] [http-nio-8080-exec-9] c.w.A.aspect.LoggingAspect               : ← CourseServiceImpl.update completed in 2 ms
2026-05-12T11:05:01.928+03:00  INFO 22044 --- [AdultEducation] [http-nio-8080-exec-1] c.w.A.aspect.LoggingAspect               : → CourseServiceImpl.getAll called with args: [CourseFilter[title=null, topic=null, format=null, minPrice=null, maxPrice=null, minHours=null, maxHours=null, teacherId=null], Page request [number: 0, size 12, sort: id: DESC], true]
2026-05-12T11:05:01.933+03:00  INFO 22044 --- [AdultEducation] [http-nio-8080-exec-1] c.w.A.aspect.LoggingAspect               : ← CourseServiceImpl.getAll completed in 3 ms
2026-05-12T11:05:22.225+03:00  INFO 22044 --- [AdultEducation] [http-nio-8080-exec-3] c.w.A.aspect.LoggingAspect               : → CourseServiceImpl.getAll called with args: [CourseFilter[title=null, topic=null, format=null, minPrice=null, maxPrice=null, minHours=null, maxHours=null, teacherId=null], Page request [number: 1, size 12, sort: id: DESC], true]
2026-05-12T11:05:22.232+03:00  INFO 22044 --- [AdultEducation] [http-nio-8080-exec-3] c.w.A.aspect.LoggingAspect               : ← CourseServiceImpl.getAll completed in 7 ms
2026-05-12T11:05:25.098+03:00  INFO 22044 --- [AdultEducation] [http-nio-8080-exec-6] c.w.A.aspect.LoggingAspect               : → CourseServiceImpl.getAll called with args: [CourseFilter[title=null, topic=null, format=null, minPrice=null, maxPrice=null, minHours=null, maxHours=null, teacherId=null], Page request [number: 0, size 12, sort: id: DESC], true]
2026-05-12T11:05:25.106+03:00  INFO 22044 --- [AdultEducation] [http-nio-8080-exec-6] c.w.A.aspect.LoggingAspect               : ← CourseServiceImpl.getAll completed in 8 ms
2026-05-12T11:07:36.024+03:00  INFO 22044 --- [AdultEducation] [http-nio-8080-exec-8] c.w.A.aspect.LoggingAspect               : → UserServiceImpl.getAll called with args: [UserFilter[email=null, role=null, active=null], Page request [number: 0, size 10, sort: createdAt: DESC]]
2026-05-12T11:07:36.028+03:00  INFO 22044 --- [AdultEducation] [http-nio-8080-exec-8] c.w.A.aspect.LoggingAspect               : ← UserServiceImpl.getAll completed in 4 ms
2026-05-12T11:07:38.004+03:00  INFO 22044 --- [AdultEducation] [http-nio-8080-exec-2] c.w.A.aspect.LoggingAspect               : → CourseServiceImpl.getAll called with args: [CourseFilter[title=null, topic=null, format=null, minPrice=null, maxPrice=null, minHours=null, maxHours=null, teacherId=null], Page request [number: 0, size 10, sort: createdAt: DESC], false]
2026-05-12T11:07:38.004+03:00  INFO 22044 --- [AdultEducation] [http-nio-8080-exec-10] c.w.A.aspect.LoggingAspect               : → UserServiceImpl.getAll called with args: [UserFilter[email=null, role=TEACHER, active=null], Page request [number: 0, size 200, sort: id: ASC]]
2026-05-12T11:07:38.007+03:00  INFO 22044 --- [AdultEducation] [http-nio-8080-exec-10] c.w.A.aspect.LoggingAspect               : ← UserServiceImpl.getAll completed in 3 ms
2026-05-12T11:07:38.012+03:00  INFO 22044 --- [AdultEducation] [http-nio-8080-exec-2] c.w.A.aspect.LoggingAspect               : ← CourseServiceImpl.getAll completed in 8 ms
2026-05-12T11:08:20.516+03:00  INFO 22044 --- [AdultEducation] [http-nio-8080-exec-9] c.w.A.aspect.LoggingAspect               : → FileStorageServiceImpl.store called
2026-05-12T11:08:20.525+03:00  INFO 22044 --- [AdultEducation] [http-nio-8080-exec-9] c.w.A.s.impl.FileStorageServiceImpl      : File stored: http://localhost:8080/uploads/courses/21fd4698-2445-4e96-909d-f305e01b4ce2.jpg
2026-05-12T11:08:20.525+03:00  INFO 22044 --- [AdultEducation] [http-nio-8080-exec-9] c.w.A.aspect.LoggingAspect               : ← FileStorageServiceImpl.store completed in 9 ms
2026-05-12T11:08:21.473+03:00  INFO 22044 --- [AdultEducation] [http-nio-8080-exec-3] c.w.A.aspect.LoggingAspect               : → CourseServiceImpl.update called with args: [9, CourseRequest[title=Web-аналітика: GA4 та GTM, description=Налаштування Google Analytics 4 та Tag Manager. Події, конверсії, воронки, атрибуція. Для маркетологів і продакт-менеджерів., topic=MARKETING, format=SELF_PACED, price=1500, durationHours=15, coverUrl=http://localhost:8080/uploads/courses/21fd4698-2445-4e96-909d-f305e01b4ce2.jpg, teacherId=null]]
2026-05-12T11:08:21.478+03:00  INFO 22044 --- [AdultEducation] [http-nio-8080-exec-3] c.w.A.aspect.LoggingAspect               : ← CourseServiceImpl.update completed in 2 ms
2026-05-12T11:09:23.548+03:00  INFO 22044 --- [AdultEducation] [http-nio-8080-exec-8] c.w.A.aspect.LoggingAspect               : → CourseServiceImpl.getAll called with args: [CourseFilter[title=null, topic=null, format=null, minPrice=null, maxPrice=null, minHours=null, maxHours=null, teacherId=null], Page request [number: 0, size 12, sort: id: DESC], true]
2026-05-12T11:09:23.554+03:00  INFO 22044 --- [AdultEducation] [http-nio-8080-exec-8] c.w.A.aspect.LoggingAspect               : ← CourseServiceImpl.getAll completed in 6 ms
2026-05-12T11:09:55.292+03:00  INFO 22044 --- [AdultEducation] [http-nio-8080-exec-10] c.w.A.aspect.LoggingAspect               : → CourseServiceImpl.getAll called with args: [CourseFilter[title=null, topic=null, format=null, minPrice=null, maxPrice=null, minHours=null, maxHours=null, teacherId=null], Page request [number: 1, size 12, sort: id: DESC], true]
2026-05-12T11:09:55.299+03:00  INFO 22044 --- [AdultEducation] [http-nio-8080-exec-10] c.w.A.aspect.LoggingAspect               : ← CourseServiceImpl.getAll completed in 7 ms
2026-05-12T11:09:56.815+03:00  INFO 22044 --- [AdultEducation] [http-nio-8080-exec-2] c.w.A.aspect.LoggingAspect               : → CourseServiceImpl.getAll called with args: [CourseFilter[title=null, topic=null, format=null, minPrice=null, maxPrice=null, minHours=null, maxHours=null, teacherId=null], Page request [number: 0, size 12, sort: id: DESC], true]
2026-05-12T11:09:56.820+03:00  INFO 22044 --- [AdultEducation] [http-nio-8080-exec-2] c.w.A.aspect.LoggingAspect               : ← CourseServiceImpl.getAll completed in 5 ms
2026-05-12T11:14:42.571+03:00  INFO 22044 --- [AdultEducation] [http-nio-8080-exec-1] c.w.A.aspect.LoggingAspect               : → CourseServiceImpl.getAll called with args: [CourseFilter[title=null, topic=null, format=null, minPrice=null, maxPrice=null, minHours=null, maxHours=null, teacherId=null], Page request [number: 0, size 6, sort: id: DESC], true]
2026-05-12T11:14:42.574+03:00  INFO 22044 --- [AdultEducation] [http-nio-8080-exec-1] c.w.A.aspect.LoggingAspect               : ← CourseServiceImpl.getAll completed in 3 ms
2026-05-12T11:14:43.701+03:00  INFO 22044 --- [AdultEducation] [http-nio-8080-exec-3] c.w.A.aspect.LoggingAspect               : → CourseServiceImpl.getAll called with args: [CourseFilter[title=null, topic=null, format=null, minPrice=null, maxPrice=null, minHours=null, maxHours=null, teacherId=null], Page request [number: 0, size 12, sort: id: DESC], true]
2026-05-12T11:14:43.704+03:00  INFO 22044 --- [AdultEducation] [http-nio-8080-exec-3] c.w.A.aspect.LoggingAspect               : ← CourseServiceImpl.getAll completed in 3 ms
2026-05-12T11:14:46.013+03:00  INFO 22044 --- [AdultEducation] [http-nio-8080-exec-6] c.w.A.aspect.LoggingAspect               : → CourseServiceImpl.getById called with args: [12, true]
2026-05-12T11:14:46.013+03:00  INFO 22044 --- [AdultEducation] [http-nio-8080-exec-6] c.w.A.aspect.LoggingAspect               : ← CourseServiceImpl.getById completed in 0 ms
2026-05-12T11:14:46.013+03:00  INFO 22044 --- [AdultEducation] [http-nio-8080-exec-7] c.w.A.aspect.LoggingAspect               : → LessonServiceImpl.getLessonsForCoursePreview called with args: [12]
2026-05-12T11:14:46.015+03:00  INFO 22044 --- [AdultEducation] [http-nio-8080-exec-7] c.w.A.aspect.LoggingAspect               : ← LessonServiceImpl.getLessonsForCoursePreview completed in 2 ms
2026-05-12T11:14:46.036+03:00  INFO 22044 --- [AdultEducation] [http-nio-8080-exec-2] c.w.A.aspect.LoggingAspect               : → ReviewServiceImpl.getAll called with args: [ReviewFilter[courseId=12, studentId=null, minRating=null, maxRating=null], Page request [number: 0, size 5, sort: id: DESC], true]
2026-05-12T11:14:46.036+03:00  INFO 22044 --- [AdultEducation] [http-nio-8080-exec-9] c.w.A.aspect.LoggingAspect               : → ReviewServiceImpl.getAll called with args: [ReviewFilter[courseId=12, studentId=1, minRating=null, maxRating=null], Page request [number: 0, size 1, sort: id: ASC], true]
2026-05-12T11:14:46.040+03:00  INFO 22044 --- [AdultEducation] [http-nio-8080-exec-9] c.w.A.aspect.LoggingAspect               : ← ReviewServiceImpl.getAll completed in 4 ms
2026-05-12T11:14:46.040+03:00  INFO 22044 --- [AdultEducation] [http-nio-8080-exec-2] c.w.A.aspect.LoggingAspect               : ← ReviewServiceImpl.getAll completed in 4 ms
2026-05-12T11:14:48.477+03:00  INFO 22044 --- [AdultEducation] [http-nio-8080-exec-4] c.w.A.aspect.LoggingAspect               : → CourseServiceImpl.getAll called with args: [CourseFilter[title=null, topic=null, format=null, minPrice=null, maxPrice=null, minHours=null, maxHours=null, teacherId=null], Page request [number: 0, size 12, sort: id: DESC], true]
2026-05-12T11:14:48.480+03:00  INFO 22044 --- [AdultEducation] [http-nio-8080-exec-4] c.w.A.aspect.LoggingAspect               : ← CourseServiceImpl.getAll completed in 3 ms
2026-05-12T11:14:57.709+03:00  INFO 22044 --- [AdultEducation] [http-nio-8080-exec-1] c.w.A.aspect.LoggingAspect               : → UserServiceImpl.getAll called with args: [UserFilter[email=null, role=null, active=null], Page request [number: 0, size 10, sort: createdAt: DESC]]
2026-05-12T11:14:57.713+03:00  INFO 22044 --- [AdultEducation] [http-nio-8080-exec-1] c.w.A.aspect.LoggingAspect               : ← UserServiceImpl.getAll completed in 2 ms
2026-05-12T11:14:58.848+03:00  INFO 22044 --- [AdultEducation] [http-nio-8080-exec-3] c.w.A.aspect.LoggingAspect               : → UserServiceImpl.getAll called with args: [UserFilter[email=null, role=TEACHER, active=null], Page request [number: 0, size 200, sort: id: ASC]]
2026-05-12T11:14:58.848+03:00  INFO 22044 --- [AdultEducation] [http-nio-8080-exec-5] c.w.A.aspect.LoggingAspect               : → CourseServiceImpl.getAll called with args: [CourseFilter[title=null, topic=null, format=null, minPrice=null, maxPrice=null, minHours=null, maxHours=null, teacherId=null], Page request [number: 0, size 10, sort: createdAt: DESC], false]
2026-05-12T11:14:58.850+03:00  INFO 22044 --- [AdultEducation] [http-nio-8080-exec-3] c.w.A.aspect.LoggingAspect               : ← UserServiceImpl.getAll completed in 1 ms
2026-05-12T11:14:58.852+03:00  INFO 22044 --- [AdultEducation] [http-nio-8080-exec-5] c.w.A.aspect.LoggingAspect               : ← CourseServiceImpl.getAll completed in 3 ms
2026-05-12T11:16:33.543+03:00  INFO 22044 --- [AdultEducation] [http-nio-8080-exec-10] c.w.A.aspect.LoggingAspect               : → FileStorageServiceImpl.store called
2026-05-12T11:16:33.841+03:00  INFO 22044 --- [AdultEducation] [http-nio-8080-exec-10] c.w.A.s.impl.FileStorageServiceImpl      : File stored: http://localhost:8080/uploads/courses/763385fc-93e0-4632-9851-5b8156b50922.jpg
2026-05-12T11:16:33.841+03:00  INFO 22044 --- [AdultEducation] [http-nio-8080-exec-10] c.w.A.aspect.LoggingAspect               : ← FileStorageServiceImpl.store completed in 298 ms
2026-05-12T11:16:34.938+03:00  INFO 22044 --- [AdultEducation] [http-nio-8080-exec-2] c.w.A.aspect.LoggingAspect               : → CourseServiceImpl.update called with args: [8, CourseRequest[title=SMM та контент-маркетинг, description=Стратегія в Instagram, TikTok, Facebook. Створення контент-плану, аналіз конкурентів, робота з інфлюенсерами., topic=MARKETING, format=ONLINE, price=1800, durationHours=20, coverUrl=http://localhost:8080/uploads/courses/763385fc-93e0-4632-9851-5b8156b50922.jpg, teacherId=null]]
2026-05-12T11:16:34.940+03:00  INFO 22044 --- [AdultEducation] [http-nio-8080-exec-2] c.w.A.aspect.LoggingAspect               : ← CourseServiceImpl.update completed in 2 ms
2026-05-12T11:16:55.082+03:00  INFO 22044 --- [AdultEducation] [http-nio-8080-exec-4] c.w.A.aspect.LoggingAspect               : → FileStorageServiceImpl.store called
2026-05-12T11:16:55.092+03:00  INFO 22044 --- [AdultEducation] [http-nio-8080-exec-4] c.w.A.s.impl.FileStorageServiceImpl      : File stored: http://localhost:8080/uploads/courses/aa6ddf0b-d454-43ae-a803-ce7e74ba18af.jpg
2026-05-12T11:16:55.092+03:00  INFO 22044 --- [AdultEducation] [http-nio-8080-exec-4] c.w.A.aspect.LoggingAspect               : ← FileStorageServiceImpl.store completed in 10 ms
2026-05-12T11:16:56.225+03:00  INFO 22044 --- [AdultEducation] [http-nio-8080-exec-5] c.w.A.aspect.LoggingAspect               : → CourseServiceImpl.update called with args: [7, CourseRequest[title=Google Ads від А до Я, description=Контекстна реклама в Google: налаштування кампаній, ретаргетинг, аналітика, оптимізація CPA. Курс з реальними кейсами., topic=MARKETING, format=ONLINE, price=2200, durationHours=30, coverUrl=http://localhost:8080/uploads/courses/aa6ddf0b-d454-43ae-a803-ce7e74ba18af.jpg, teacherId=null]]
2026-05-12T11:16:56.228+03:00  INFO 22044 --- [AdultEducation] [http-nio-8080-exec-5] c.w.A.aspect.LoggingAspect               : ← CourseServiceImpl.update completed in 3 ms
2026-05-12T11:18:00.002+03:00  INFO 22044 --- [AdultEducation] [http-nio-8080-exec-10] c.w.A.aspect.LoggingAspect               : → CourseServiceImpl.getAll called with args: [CourseFilter[title=null, topic=null, format=null, minPrice=null, maxPrice=null, minHours=null, maxHours=null, teacherId=null], Page request [number: 1, size 10, sort: createdAt: DESC], false]
2026-05-12T11:18:00.010+03:00  INFO 22044 --- [AdultEducation] [http-nio-8080-exec-10] c.w.A.aspect.LoggingAspect               : ← CourseServiceImpl.getAll completed in 8 ms
2026-05-12T11:18:04.456+03:00  INFO 22044 --- [AdultEducation] [http-nio-8080-exec-8] c.w.A.aspect.LoggingAspect               : → CourseServiceImpl.getAll called with args: [CourseFilter[title=null, topic=null, format=null, minPrice=null, maxPrice=null, minHours=null, maxHours=null, teacherId=null], Page request [number: 0, size 10, sort: createdAt: DESC], false]
2026-05-12T11:18:04.462+03:00  INFO 22044 --- [AdultEducation] [http-nio-8080-exec-8] c.w.A.aspect.LoggingAspect               : ← CourseServiceImpl.getAll completed in 6 ms
2026-05-12T11:18:51.323+03:00  INFO 22044 --- [AdultEducation] [http-nio-8080-exec-9] c.w.A.aspect.LoggingAspect               : → CourseServiceImpl.getAll called with args: [CourseFilter[title=null, topic=null, format=null, minPrice=null, maxPrice=null, minHours=null, maxHours=null, teacherId=null], Page request [number: 1, size 10, sort: createdAt: DESC], false]
2026-05-12T11:18:51.325+03:00  INFO 22044 --- [AdultEducation] [http-nio-8080-exec-9] c.w.A.aspect.LoggingAspect               : ← CourseServiceImpl.getAll completed in 2 ms
2026-05-12T11:19:35.262+03:00  INFO 22044 --- [AdultEducation] [http-nio-8080-exec-2] c.w.A.aspect.LoggingAspect               : → CourseServiceImpl.getAll called with args: [CourseFilter[title=null, topic=null, format=null, minPrice=null, maxPrice=null, minHours=null, maxHours=null, teacherId=null], Page request [number: 0, size 12, sort: id: DESC], true]
2026-05-12T11:19:35.268+03:00  INFO 22044 --- [AdultEducation] [http-nio-8080-exec-2] c.w.A.aspect.LoggingAspect               : ← CourseServiceImpl.getAll completed in 6 ms
2026-05-12T11:20:35.267+03:00  INFO 22044 --- [AdultEducation] [http-nio-8080-exec-1] c.w.A.aspect.LoggingAspect               : → UserServiceImpl.getAll called with args: [UserFilter[email=null, role=null, active=null], Page request [number: 0, size 10, sort: createdAt: DESC]]
2026-05-12T11:20:35.269+03:00  INFO 22044 --- [AdultEducation] [http-nio-8080-exec-1] c.w.A.aspect.LoggingAspect               : ← UserServiceImpl.getAll completed in 2 ms
2026-05-12T11:20:37.497+03:00  INFO 22044 --- [AdultEducation] [http-nio-8080-exec-3] c.w.A.aspect.LoggingAspect               : → UserServiceImpl.getAll called with args: [UserFilter[email=null, role=TEACHER, active=null], Page request [number: 0, size 200, sort: id: ASC]]
2026-05-12T11:20:37.497+03:00  INFO 22044 --- [AdultEducation] [http-nio-8080-exec-5] c.w.A.aspect.LoggingAspect               : → CourseServiceImpl.getAll called with args: [CourseFilter[title=null, topic=null, format=null, minPrice=null, maxPrice=null, minHours=null, maxHours=null, teacherId=null], Page request [number: 0, size 10, sort: createdAt: DESC], false]
2026-05-12T11:20:37.499+03:00  INFO 22044 --- [AdultEducation] [http-nio-8080-exec-3] c.w.A.aspect.LoggingAspect               : ← UserServiceImpl.getAll completed in 1 ms
2026-05-12T11:20:37.503+03:00  INFO 22044 --- [AdultEducation] [http-nio-8080-exec-5] c.w.A.aspect.LoggingAspect               : ← CourseServiceImpl.getAll completed in 5 ms
2026-05-12T11:20:38.831+03:00  INFO 22044 --- [AdultEducation] [http-nio-8080-exec-7] c.w.A.aspect.LoggingAspect               : → CourseServiceImpl.getAll called with args: [CourseFilter[title=null, topic=null, format=null, minPrice=null, maxPrice=null, minHours=null, maxHours=null, teacherId=null], Page request [number: 1, size 10, sort: createdAt: DESC], false]
2026-05-12T11:20:38.833+03:00  INFO 22044 --- [AdultEducation] [http-nio-8080-exec-7] c.w.A.aspect.LoggingAspect               : ← CourseServiceImpl.getAll completed in 2 ms
2026-05-12T11:20:54.107+03:00  INFO 22044 --- [AdultEducation] [http-nio-8080-exec-6] c.w.A.aspect.LoggingAspect               : → FileStorageServiceImpl.store called
2026-05-12T11:20:54.115+03:00  INFO 22044 --- [AdultEducation] [http-nio-8080-exec-6] c.w.A.s.impl.FileStorageServiceImpl      : File stored: http://localhost:8080/uploads/courses/c1edc546-ba5e-4b4c-89cc-def21a2cd8eb.jpg
2026-05-12T11:20:54.115+03:00  INFO 22044 --- [AdultEducation] [http-nio-8080-exec-6] c.w.A.aspect.LoggingAspect               : ← FileStorageServiceImpl.store completed in 8 ms
2026-05-12T11:20:54.996+03:00  INFO 22044 --- [AdultEducation] [http-nio-8080-exec-9] c.w.A.aspect.LoggingAspect               : → CourseServiceImpl.update called with args: [5, CourseRequest[title=UI/UX Design System, description=Як будувати масштабовану дизайн-систему: design tokens, компоненти, варіанти, документація. Практика на реальному проєкті., topic=DESIGN, format=HYBRID, price=1800, durationHours=25, coverUrl=http://localhost:8080/uploads/courses/c1edc546-ba5e-4b4c-89cc-def21a2cd8eb.jpg, teacherId=null]]
2026-05-12T11:20:55.001+03:00  INFO 22044 --- [AdultEducation] [http-nio-8080-exec-9] c.w.A.aspect.LoggingAspect               : ← CourseServiceImpl.update completed in 5 ms
2026-05-12T11:20:55.938+03:00  INFO 22044 --- [AdultEducation] [http-nio-8080-exec-2] c.w.A.aspect.LoggingAspect               : → CourseServiceImpl.getAll called with args: [CourseFilter[title=null, topic=null, format=null, minPrice=null, maxPrice=null, minHours=null, maxHours=null, teacherId=null], Page request [number: 0, size 10, sort: createdAt: DESC], false]
2026-05-12T11:20:55.943+03:00  INFO 22044 --- [AdultEducation] [http-nio-8080-exec-2] c.w.A.aspect.LoggingAspect               : ← CourseServiceImpl.getAll completed in 5 ms
2026-05-12T11:21:02.805+03:00  INFO 22044 --- [AdultEducation] [http-nio-8080-exec-4] c.w.A.aspect.LoggingAspect               : → FileStorageServiceImpl.store called
2026-05-12T11:21:02.809+03:00  INFO 22044 --- [AdultEducation] [http-nio-8080-exec-4] c.w.A.s.impl.FileStorageServiceImpl      : File stored: http://localhost:8080/uploads/courses/a7d43854-a975-4799-af7c-1b6f3931240a.jpg
2026-05-12T11:21:02.809+03:00  INFO 22044 --- [AdultEducation] [http-nio-8080-exec-4] c.w.A.aspect.LoggingAspect               : ← FileStorageServiceImpl.store completed in 4 ms
2026-05-12T11:21:03.796+03:00  INFO 22044 --- [AdultEducation] [http-nio-8080-exec-5] c.w.A.aspect.LoggingAspect               : → CourseServiceImpl.update called with args: [6, CourseRequest[title=Портфоліо UX-дизайнера, description=Як створити кейси, що продають. Розбір реальних портфоліо, фідбек від рекрутерів, структура кейсів., topic=DESIGN, format=ONLINE, price=1200, durationHours=12, coverUrl=http://localhost:8080/uploads/courses/a7d43854-a975-4799-af7c-1b6f3931240a.jpg, teacherId=null]]
2026-05-12T11:21:03.801+03:00  INFO 22044 --- [AdultEducation] [http-nio-8080-exec-5] c.w.A.aspect.LoggingAspect               : ← CourseServiceImpl.update completed in 5 ms
2026-05-12T11:21:05.213+03:00  INFO 22044 --- [AdultEducation] [http-nio-8080-exec-7] c.w.A.aspect.LoggingAspect               : → CourseServiceImpl.getAll called with args: [CourseFilter[title=null, topic=null, format=null, minPrice=null, maxPrice=null, minHours=null, maxHours=null, teacherId=null], Page request [number: 1, size 10, sort: createdAt: DESC], false]
2026-05-12T11:21:05.216+03:00  INFO 22044 --- [AdultEducation] [http-nio-8080-exec-7] c.w.A.aspect.LoggingAspect               : ← CourseServiceImpl.getAll completed in 3 ms
2026-05-12T11:21:48.552+03:00  INFO 22044 --- [AdultEducation] [http-nio-8080-exec-10] c.w.A.aspect.LoggingAspect               : → FileStorageServiceImpl.store called
2026-05-12T11:21:48.563+03:00  INFO 22044 --- [AdultEducation] [http-nio-8080-exec-10] c.w.A.s.impl.FileStorageServiceImpl      : File stored: http://localhost:8080/uploads/courses/f13cbbc4-8ac7-47fc-93d5-48fed0d6dd19.jpg
2026-05-12T11:21:48.563+03:00  INFO 22044 --- [AdultEducation] [http-nio-8080-exec-10] c.w.A.aspect.LoggingAspect               : ← FileStorageServiceImpl.store completed in 11 ms
2026-05-12T11:21:49.849+03:00  INFO 22044 --- [AdultEducation] [http-nio-8080-exec-2] c.w.A.aspect.LoggingAspect               : → CourseServiceImpl.update called with args: [4, CourseRequest[title=Основи Figma для початківців, description=Навчись працювати у Figma з нуля: компоненти, auto-layout, prototyping, дизайн-токени. Курс для абсолютних новачків., topic=DESIGN, format=SELF_PACED, price=0, durationHours=8, coverUrl=http://localhost:8080/uploads/courses/f13cbbc4-8ac7-47fc-93d5-48fed0d6dd19.jpg, teacherId=null]]
2026-05-12T11:21:49.851+03:00  INFO 22044 --- [AdultEducation] [http-nio-8080-exec-2] c.w.A.aspect.LoggingAspect               : ← CourseServiceImpl.update completed in 1 ms
2026-05-12T11:24:57.120+03:00  INFO 22044 --- [AdultEducation] [http-nio-8080-exec-3] c.w.A.aspect.LoggingAspect               : → FileStorageServiceImpl.store called
2026-05-12T11:24:57.130+03:00  INFO 22044 --- [AdultEducation] [http-nio-8080-exec-3] c.w.A.s.impl.FileStorageServiceImpl      : File stored: http://localhost:8080/uploads/courses/a77ad93c-c756-47c6-89b6-2cc132ba966c.jpg
2026-05-12T11:24:57.130+03:00  INFO 22044 --- [AdultEducation] [http-nio-8080-exec-3] c.w.A.aspect.LoggingAspect               : ← FileStorageServiceImpl.store completed in 9 ms
2026-05-12T11:24:57.979+03:00  INFO 22044 --- [AdultEducation] [http-nio-8080-exec-7] c.w.A.aspect.LoggingAspect               : → CourseServiceImpl.update called with args: [3, CourseRequest[title=SQL та проєктування БД, description=Від простого SELECT до window functions, stored procedures та оптимізації запитів. Основи проєктування реляційних БД., topic=PROGRAMMING, format=SELF_PACED, price=1500, durationHours=25, coverUrl=http://localhost:8080/uploads/courses/a77ad93c-c756-47c6-89b6-2cc132ba966c.jpg, teacherId=null]]
2026-05-12T11:24:57.981+03:00  INFO 22044 --- [AdultEducation] [http-nio-8080-exec-7] c.w.A.aspect.LoggingAspect               : ← CourseServiceImpl.update completed in 2 ms
2026-05-12T11:26:46.088+03:00  INFO 22044 --- [AdultEducation] [http-nio-8080-exec-8] c.w.A.aspect.LoggingAspect               : → FileStorageServiceImpl.store called
2026-05-12T11:26:46.096+03:00  INFO 22044 --- [AdultEducation] [http-nio-8080-exec-8] c.w.A.s.impl.FileStorageServiceImpl      : File stored: http://localhost:8080/uploads/courses/716e4e3e-09c1-4892-8877-c207ee787ce7.jpg
2026-05-12T11:26:46.096+03:00  INFO 22044 --- [AdultEducation] [http-nio-8080-exec-8] c.w.A.aspect.LoggingAspect               : ← FileStorageServiceImpl.store completed in 8 ms
2026-05-12T11:26:47.096+03:00  INFO 22044 --- [AdultEducation] [http-nio-8080-exec-4] c.w.A.aspect.LoggingAspect               : → CourseServiceImpl.update called with args: [2, CourseRequest[title=Spring Boot Advanced, description=Поглиблений курс Spring: Security (JWT, OAuth2), Data JPA, REST API, тестування, мікросервіси. Рівень — middle+., topic=PROGRAMMING, format=ONLINE, price=3500, durationHours=45, coverUrl=http://localhost:8080/uploads/courses/716e4e3e-09c1-4892-8877-c207ee787ce7.jpg, teacherId=null]]
2026-05-12T11:26:47.097+03:00  INFO 22044 --- [AdultEducation] [http-nio-8080-exec-4] c.w.A.aspect.LoggingAspect               : ← CourseServiceImpl.update completed in 0 ms
2026-05-12T11:26:48.481+03:00  INFO 22044 --- [AdultEducation] [http-nio-8080-exec-1] c.w.A.aspect.LoggingAspect               : → CourseServiceImpl.getAll called with args: [CourseFilter[title=null, topic=null, format=null, minPrice=null, maxPrice=null, minHours=null, maxHours=null, teacherId=null], Page request [number: 0, size 6, sort: id: DESC], true]
2026-05-12T11:26:48.484+03:00  INFO 22044 --- [AdultEducation] [http-nio-8080-exec-1] c.w.A.aspect.LoggingAspect               : ← CourseServiceImpl.getAll completed in 3 ms
2026-05-12T11:26:49.169+03:00  INFO 22044 --- [AdultEducation] [http-nio-8080-exec-5] c.w.A.aspect.LoggingAspect               : → CourseServiceImpl.getAll called with args: [CourseFilter[title=null, topic=null, format=null, minPrice=null, maxPrice=null, minHours=null, maxHours=null, teacherId=null], Page request [number: 0, size 12, sort: id: DESC], true]
2026-05-12T11:26:49.178+03:00  INFO 22044 --- [AdultEducation] [http-nio-8080-exec-5] c.w.A.aspect.LoggingAspect               : ← CourseServiceImpl.getAll completed in 3 ms
2026-05-12T11:27:30.266+03:00  INFO 22044 --- [AdultEducation] [http-nio-8080-exec-6] c.w.A.aspect.LoggingAspect               : → LessonServiceImpl.getLessonsForCoursePreview called with args: [12]
2026-05-12T11:27:30.266+03:00  INFO 22044 --- [AdultEducation] [http-nio-8080-exec-7] c.w.A.aspect.LoggingAspect               : → CourseServiceImpl.getById called with args: [12, true]
2026-05-12T11:27:30.266+03:00  INFO 22044 --- [AdultEducation] [http-nio-8080-exec-7] c.w.A.aspect.LoggingAspect               : ← CourseServiceImpl.getById completed in 0 ms
2026-05-12T11:27:30.267+03:00  INFO 22044 --- [AdultEducation] [http-nio-8080-exec-6] c.w.A.aspect.LoggingAspect               : ← LessonServiceImpl.getLessonsForCoursePreview completed in 1 ms
2026-05-12T11:27:30.285+03:00  INFO 22044 --- [AdultEducation] [http-nio-8080-exec-8] c.w.A.aspect.LoggingAspect               : → ReviewServiceImpl.getAll called with args: [ReviewFilter[courseId=12, studentId=1, minRating=null, maxRating=null], Page request [number: 0, size 1, sort: id: ASC], true]
2026-05-12T11:27:30.285+03:00  INFO 22044 --- [AdultEducation] [http-nio-8080-exec-10] c.w.A.aspect.LoggingAspect               : → ReviewServiceImpl.getAll called with args: [ReviewFilter[courseId=12, studentId=null, minRating=null, maxRating=null], Page request [number: 0, size 5, sort: id: DESC], true]
2026-05-12T11:27:30.287+03:00  INFO 22044 --- [AdultEducation] [http-nio-8080-exec-8] c.w.A.aspect.LoggingAspect               : ← ReviewServiceImpl.getAll completed in 2 ms
2026-05-12T11:27:30.289+03:00  INFO 22044 --- [AdultEducation] [http-nio-8080-exec-10] c.w.A.aspect.LoggingAspect               : ← ReviewServiceImpl.getAll completed in 4 ms
2026-05-12T11:27:37.592+03:00  INFO 22044 --- [AdultEducation] [http-nio-8080-exec-9] c.w.A.aspect.LoggingAspect               : → CourseServiceImpl.getAll called with args: [CourseFilter[title=null, topic=null, format=null, minPrice=null, maxPrice=null, minHours=null, maxHours=null, teacherId=null], Page request [number: 0, size 6, sort: id: DESC], true]
2026-05-12T11:27:37.596+03:00  INFO 22044 --- [AdultEducation] [http-nio-8080-exec-9] c.w.A.aspect.LoggingAspect               : ← CourseServiceImpl.getAll completed in 4 ms
2026-05-12T11:29:34.367+03:00  INFO 22044 --- [AdultEducation] [http-nio-8080-exec-5] c.w.A.aspect.LoggingAspect               : → UserServiceImpl.getAll called with args: [UserFilter[email=null, role=null, active=null], Page request [number: 0, size 10, sort: createdAt: DESC]]
2026-05-12T11:29:34.371+03:00  INFO 22044 --- [AdultEducation] [http-nio-8080-exec-5] c.w.A.aspect.LoggingAspect               : ← UserServiceImpl.getAll completed in 4 ms
2026-05-12T11:29:35.928+03:00  INFO 22044 --- [AdultEducation] [http-nio-8080-exec-7] c.w.A.aspect.LoggingAspect               : → CourseServiceImpl.getAll called with args: [CourseFilter[title=null, topic=null, format=null, minPrice=null, maxPrice=null, minHours=null, maxHours=null, teacherId=null], Page request [number: 0, size 10, sort: createdAt: DESC], false]
2026-05-12T11:29:35.928+03:00  INFO 22044 --- [AdultEducation] [http-nio-8080-exec-6] c.w.A.aspect.LoggingAspect               : → UserServiceImpl.getAll called with args: [UserFilter[email=null, role=TEACHER, active=null], Page request [number: 0, size 200, sort: id: ASC]]
2026-05-12T11:29:35.930+03:00  INFO 22044 --- [AdultEducation] [http-nio-8080-exec-6] c.w.A.aspect.LoggingAspect               : ← UserServiceImpl.getAll completed in 2 ms
2026-05-12T11:29:35.932+03:00  INFO 22044 --- [AdultEducation] [http-nio-8080-exec-7] c.w.A.aspect.LoggingAspect               : ← CourseServiceImpl.getAll completed in 4 ms
2026-05-12T11:29:37.707+03:00  INFO 22044 --- [AdultEducation] [http-nio-8080-exec-8] c.w.A.aspect.LoggingAspect               : → CourseServiceImpl.getAll called with args: [CourseFilter[title=null, topic=null, format=null, minPrice=null, maxPrice=null, minHours=null, maxHours=null, teacherId=null], Page request [number: 1, size 10, sort: createdAt: DESC], false]
2026-05-12T11:29:37.710+03:00  INFO 22044 --- [AdultEducation] [http-nio-8080-exec-8] c.w.A.aspect.LoggingAspect               : ← CourseServiceImpl.getAll completed in 3 ms
2026-05-12T11:29:44.515+03:00  INFO 22044 --- [AdultEducation] [http-nio-8080-exec-10] c.w.A.aspect.LoggingAspect               : → FileStorageServiceImpl.store called
2026-05-12T11:29:44.528+03:00  INFO 22044 --- [AdultEducation] [http-nio-8080-exec-10] c.w.A.s.impl.FileStorageServiceImpl      : File stored: http://localhost:8080/uploads/courses/a994bf35-a173-4564-90cb-77f014afa172.jpg
2026-05-12T11:29:44.528+03:00  INFO 22044 --- [AdultEducation] [http-nio-8080-exec-10] c.w.A.aspect.LoggingAspect               : ← FileStorageServiceImpl.store completed in 13 ms
2026-05-12T11:29:45.500+03:00  INFO 22044 --- [AdultEducation] [http-nio-8080-exec-4] c.w.A.aspect.LoggingAspect               : → CourseServiceImpl.update called with args: [1, CourseRequest[title=Java з нуля до Junior, description=Повний курс Java: синтаксис, ООП, колекції, потоки, лямбди, основи Spring Boot. Практика через написання реальних застосунків. Підготовка до співбесіди на позицію Junior Java Developer., topic=PROGRAMMING, format=ONLINE, price=2500, durationHours=60, coverUrl=http://localhost:8080/uploads/courses/a994bf35-a173-4564-90cb-77f014afa172.jpg, teacherId=null]]
2026-05-12T11:29:45.501+03:00  INFO 22044 --- [AdultEducation] [http-nio-8080-exec-4] c.w.A.aspect.LoggingAspect               : ← CourseServiceImpl.update completed in 1 ms
2026-05-12T11:29:47.396+03:00  INFO 22044 --- [AdultEducation] [http-nio-8080-exec-3] c.w.A.aspect.LoggingAspect               : → CourseServiceImpl.getAll called with args: [CourseFilter[title=null, topic=null, format=null, minPrice=null, maxPrice=null, minHours=null, maxHours=null, teacherId=null], Page request [number: 0, size 12, sort: id: DESC], true]
2026-05-12T11:29:47.396+03:00  INFO 22044 --- [AdultEducation] [http-nio-8080-exec-3] c.w.A.aspect.LoggingAspect               : ← CourseServiceImpl.getAll completed in 0 ms
2026-05-12T11:29:56.118+03:00  INFO 22044 --- [AdultEducation] [http-nio-8080-exec-1] c.w.A.aspect.LoggingAspect               : → CourseServiceImpl.getAll called with args: [CourseFilter[title=null, topic=null, format=null, minPrice=null, maxPrice=null, minHours=null, maxHours=null, teacherId=null], Page request [number: 1, size 12, sort: id: DESC], true]
2026-05-12T11:29:56.120+03:00  INFO 22044 --- [AdultEducation] [http-nio-8080-exec-1] c.w.A.aspect.LoggingAspect               : ← CourseServiceImpl.getAll completed in 2 ms
2026-05-12T11:29:57.610+03:00  INFO 22044 --- [AdultEducation] [http-nio-8080-exec-5] c.w.A.aspect.LoggingAspect               : → CourseServiceImpl.getAll called with args: [CourseFilter[title=null, topic=null, format=null, minPrice=null, maxPrice=null, minHours=null, maxHours=null, teacherId=null], Page request [number: 0, size 12, sort: id: DESC], true]
2026-05-12T11:29:57.614+03:00  INFO 22044 --- [AdultEducation] [http-nio-8080-exec-5] c.w.A.aspect.LoggingAspect               : ← CourseServiceImpl.getAll completed in 3 ms
2026-05-12T11:29:58.712+03:00  INFO 22044 --- [AdultEducation] [http-nio-8080-exec-6] c.w.A.aspect.LoggingAspect               : → UserServiceImpl.getAll called with args: [UserFilter[email=null, role=null, active=null], Page request [number: 0, size 10, sort: createdAt: DESC]]
2026-05-12T11:29:58.715+03:00  INFO 22044 --- [AdultEducation] [http-nio-8080-exec-6] c.w.A.aspect.LoggingAspect               : ← UserServiceImpl.getAll completed in 3 ms
2026-05-12T11:30:01.095+03:00  INFO 22044 --- [AdultEducation] [http-nio-8080-exec-7] c.w.A.aspect.LoggingAspect               : → UserServiceImpl.getAll called with args: [UserFilter[email=null, role=TEACHER, active=null], Page request [number: 0, size 200, sort: id: ASC]]
2026-05-12T11:30:01.095+03:00  INFO 22044 --- [AdultEducation] [http-nio-8080-exec-8] c.w.A.aspect.LoggingAspect               : → CourseServiceImpl.getAll called with args: [CourseFilter[title=null, topic=null, format=null, minPrice=null, maxPrice=null, minHours=null, maxHours=null, teacherId=null], Page request [number: 0, size 10, sort: createdAt: DESC], false]
2026-05-12T11:30:01.098+03:00  INFO 22044 --- [AdultEducation] [http-nio-8080-exec-7] c.w.A.aspect.LoggingAspect               : ← UserServiceImpl.getAll completed in 1 ms
2026-05-12T11:30:01.100+03:00  INFO 22044 --- [AdultEducation] [http-nio-8080-exec-8] c.w.A.aspect.LoggingAspect               : ← CourseServiceImpl.getAll completed in 3 ms
2026-05-12T11:30:03.181+03:00  INFO 22044 --- [AdultEducation] [http-nio-8080-exec-10] c.w.A.aspect.LoggingAspect               : → CourseServiceImpl.getAll called with args: [CourseFilter[title=null, topic=null, format=null, minPrice=null, maxPrice=null, minHours=null, maxHours=null, teacherId=null], Page request [number: 1, size 10, sort: createdAt: DESC], false]
2026-05-12T11:30:03.183+03:00  INFO 22044 --- [AdultEducation] [http-nio-8080-exec-10] c.w.A.aspect.LoggingAspect               : ← CourseServiceImpl.getAll completed in 2 ms
2026-05-12T11:31:11.906+03:00  INFO 22044 --- [AdultEducation] [http-nio-8080-exec-3] c.w.A.aspect.LoggingAspect               : → CourseServiceImpl.getAll called with args: [CourseFilter[title=null, topic=null, format=null, minPrice=null, maxPrice=null, minHours=null, maxHours=null, teacherId=null], Page request [number: 0, size 10, sort: createdAt: DESC], false]
2026-05-12T11:31:11.911+03:00  INFO 22044 --- [AdultEducation] [http-nio-8080-exec-3] c.w.A.aspect.LoggingAspect               : ← CourseServiceImpl.getAll completed in 5 ms
2026-05-12T11:31:13.797+03:00  INFO 22044 --- [AdultEducation] [http-nio-8080-exec-1] c.w.A.aspect.LoggingAspect               : → UserServiceImpl.getAll called with args: [UserFilter[email=null, role=null, active=null], Page request [number: 0, size 10, sort: createdAt: DESC]]
2026-05-12T11:31:13.800+03:00  INFO 22044 --- [AdultEducation] [http-nio-8080-exec-1] c.w.A.aspect.LoggingAspect               : ← UserServiceImpl.getAll completed in 3 ms
2026-05-12T11:31:16.263+03:00  INFO 22044 --- [AdultEducation] [http-nio-8080-exec-5] c.w.A.aspect.LoggingAspect               : → UserServiceImpl.getAll called with args: [UserFilter[email=null, role=TEACHER, active=null], Page request [number: 0, size 200, sort: id: ASC]]
2026-05-12T11:31:16.263+03:00  INFO 22044 --- [AdultEducation] [http-nio-8080-exec-6] c.w.A.aspect.LoggingAspect               : → CourseServiceImpl.getAll called with args: [CourseFilter[title=null, topic=null, format=null, minPrice=null, maxPrice=null, minHours=null, maxHours=null, teacherId=null], Page request [number: 0, size 10, sort: createdAt: DESC], false]
2026-05-12T11:31:16.265+03:00  INFO 22044 --- [AdultEducation] [http-nio-8080-exec-5] c.w.A.aspect.LoggingAspect               : ← UserServiceImpl.getAll completed in 2 ms
2026-05-12T11:31:16.266+03:00  INFO 22044 --- [AdultEducation] [http-nio-8080-exec-6] c.w.A.aspect.LoggingAspect               : ← CourseServiceImpl.getAll completed in 3 ms
2026-05-12T11:31:17.769+03:00  INFO 22044 --- [AdultEducation] [http-nio-8080-exec-4] c.w.A.aspect.LoggingAspect               : → ReviewServiceImpl.getAll called with args: [ReviewFilter[courseId=null, studentId=null, minRating=null, maxRating=null], Page request [number: 0, size 10, sort: createdAt: DESC], false]
2026-05-12T11:31:17.772+03:00  INFO 22044 --- [AdultEducation] [http-nio-8080-exec-2] c.w.A.aspect.LoggingAspect               : → UserServiceImpl.getAll called with args: [UserFilter[email=null, role=STUDENT, active=null], Page request [number: 0, size 200, sort: id: ASC]]
2026-05-12T11:31:17.772+03:00  INFO 22044 --- [AdultEducation] [http-nio-8080-exec-9] c.w.A.aspect.LoggingAspect               : → CourseServiceImpl.getAll called with args: [CourseFilter[title=null, topic=null, format=null, minPrice=null, maxPrice=null, minHours=null, maxHours=null, teacherId=null], Page request [number: 0, size 200, sort: title: ASC], false]
2026-05-12T11:31:17.775+03:00  INFO 22044 --- [AdultEducation] [http-nio-8080-exec-2] c.w.A.aspect.LoggingAspect               : ← UserServiceImpl.getAll completed in 3 ms
2026-05-12T11:31:17.775+03:00  INFO 22044 --- [AdultEducation] [http-nio-8080-exec-4] c.w.A.aspect.LoggingAspect               : ← ReviewServiceImpl.getAll completed in 6 ms
2026-05-12T11:31:17.775+03:00  INFO 22044 --- [AdultEducation] [http-nio-8080-exec-9] c.w.A.aspect.LoggingAspect               : ← CourseServiceImpl.getAll completed in 3 ms
2026-05-12T11:31:18.963+03:00  INFO 22044 --- [AdultEducation] [http-nio-8080-exec-1] c.w.A.aspect.LoggingAspect               : → UserServiceImpl.getAll called with args: [UserFilter[email=null, role=STUDENT, active=null], Page request [number: 0, size 200, sort: id: ASC]]
2026-05-12T11:31:18.963+03:00  INFO 22044 --- [AdultEducation] [http-nio-8080-exec-3] c.w.A.aspect.LoggingAspect               : → CourseServiceImpl.getAll called with args: [CourseFilter[title=null, topic=null, format=null, minPrice=null, maxPrice=null, minHours=null, maxHours=null, teacherId=null], Page request [number: 0, size 200, sort: title: ASC], false]
2026-05-12T11:31:18.966+03:00  INFO 22044 --- [AdultEducation] [http-nio-8080-exec-1] c.w.A.aspect.LoggingAspect               : ← UserServiceImpl.getAll completed in 3 ms
2026-05-12T11:31:18.966+03:00  INFO 22044 --- [AdultEducation] [http-nio-8080-exec-3] c.w.A.aspect.LoggingAspect               : ← CourseServiceImpl.getAll completed in 3 ms
2026-05-12T11:31:19.488+03:00  INFO 22044 --- [AdultEducation] [http-nio-8080-exec-6] c.w.A.aspect.LoggingAspect               : → EducationServiceImpl.getAll called with args: [EducationFilter[studentId=null, courseId=null, teacherId=null, status=null], Page request [number: 0, size 10, sort: enrolledDate: DESC]]
2026-05-12T11:31:19.577+03:00  INFO 22044 --- [AdultEducation] [http-nio-8080-exec-6] c.w.A.aspect.LoggingAspect               : ← EducationServiceImpl.getAll completed in 89 ms
2026-05-12T11:31:23.129+03:00  INFO 22044 --- [AdultEducation] [http-nio-8080-exec-10] c.w.A.aspect.LoggingAspect               : → ReviewServiceImpl.getAll called with args: [ReviewFilter[courseId=null, studentId=null, minRating=null, maxRating=null], Page request [number: 0, size 10, sort: createdAt: DESC], false]
2026-05-12T11:31:23.129+03:00  INFO 22044 --- [AdultEducation] [http-nio-8080-exec-7] c.w.A.aspect.LoggingAspect               : → CourseServiceImpl.getAll called with args: [CourseFilter[title=null, topic=null, format=null, minPrice=null, maxPrice=null, minHours=null, maxHours=null, teacherId=null], Page request [number: 0, size 200, sort: title: ASC], false]
2026-05-12T11:31:23.129+03:00  INFO 22044 --- [AdultEducation] [http-nio-8080-exec-8] c.w.A.aspect.LoggingAspect               : → UserServiceImpl.getAll called with args: [UserFilter[email=null, role=STUDENT, active=null], Page request [number: 0, size 200, sort: id: ASC]]
2026-05-12T11:31:23.131+03:00  INFO 22044 --- [AdultEducation] [http-nio-8080-exec-8] c.w.A.aspect.LoggingAspect               : ← UserServiceImpl.getAll completed in 2 ms
2026-05-12T11:31:23.131+03:00  INFO 22044 --- [AdultEducation] [http-nio-8080-exec-7] c.w.A.aspect.LoggingAspect               : ← CourseServiceImpl.getAll completed in 2 ms
2026-05-12T11:31:23.132+03:00  INFO 22044 --- [AdultEducation] [http-nio-8080-exec-10] c.w.A.aspect.LoggingAspect               : ← ReviewServiceImpl.getAll completed in 3 ms
2026-05-12T11:31:24.080+03:00  INFO 22044 --- [AdultEducation] [http-nio-8080-exec-4] c.w.A.aspect.LoggingAspect               : → UserServiceImpl.getAll called with args: [UserFilter[email=null, role=TEACHER, active=null], Page request [number: 0, size 200, sort: id: ASC]]
2026-05-12T11:31:24.080+03:00  INFO 22044 --- [AdultEducation] [http-nio-8080-exec-2] c.w.A.aspect.LoggingAspect               : → CourseServiceImpl.getAll called with args: [CourseFilter[title=null, topic=null, format=null, minPrice=null, maxPrice=null, minHours=null, maxHours=null, teacherId=null], Page request [number: 0, size 10, sort: createdAt: DESC], false]
2026-05-12T11:31:24.083+03:00  INFO 22044 --- [AdultEducation] [http-nio-8080-exec-4] c.w.A.aspect.LoggingAspect               : ← UserServiceImpl.getAll completed in 3 ms
2026-05-12T11:31:24.084+03:00  INFO 22044 --- [AdultEducation] [http-nio-8080-exec-2] c.w.A.aspect.LoggingAspect               : ← CourseServiceImpl.getAll completed in 4 ms
2026-05-12T11:31:24.850+03:00  INFO 22044 --- [AdultEducation] [http-nio-8080-exec-9] c.w.A.aspect.LoggingAspect               : → UserServiceImpl.getAll called with args: [UserFilter[email=null, role=null, active=null], Page request [number: 0, size 10, sort: createdAt: DESC]]
2026-05-12T11:31:24.853+03:00  INFO 22044 --- [AdultEducation] [http-nio-8080-exec-9] c.w.A.aspect.LoggingAspect               : ← UserServiceImpl.getAll completed in 3 ms
2026-05-12T11:31:26.633+03:00  INFO 22044 --- [AdultEducation] [http-nio-8080-exec-1] c.w.A.aspect.LoggingAspect               : → UserServiceImpl.getAll called with args: [UserFilter[email=null, role=null, active=null], Page request [number: 1, size 10, sort: createdAt: DESC]]
2026-05-12T11:31:26.633+03:00  INFO 22044 --- [AdultEducation] [http-nio-8080-exec-1] c.w.A.aspect.LoggingAspect               : ← UserServiceImpl.getAll completed in 0 ms
2026-05-12T11:31:29.188+03:00  INFO 22044 --- [AdultEducation] [http-nio-8080-exec-3] c.w.A.aspect.LoggingAspect               : → UserServiceImpl.getAll called with args: [UserFilter[email=null, role=null, active=null], Page request [number: 0, size 10, sort: createdAt: DESC]]
2026-05-12T11:31:29.190+03:00  INFO 22044 --- [AdultEducation] [http-nio-8080-exec-3] c.w.A.aspect.LoggingAspect               : ← UserServiceImpl.getAll completed in 2 ms
2026-05-12T11:34:20.976+03:00  INFO 22044 --- [AdultEducation] [http-nio-8080-exec-7] c.w.A.aspect.LoggingAspect               : → UserServiceImpl.getAll called with args: [UserFilter[email=null, role=null, active=null], Page request [number: 1, size 10, sort: createdAt: DESC]]
2026-05-12T11:34:20.979+03:00  INFO 22044 --- [AdultEducation] [http-nio-8080-exec-7] c.w.A.aspect.LoggingAspect               : ← UserServiceImpl.getAll completed in 3 ms
2026-05-12T11:35:39.441+03:00  INFO 22044 --- [AdultEducation] [http-nio-8080-exec-9] c.w.A.aspect.LoggingAspect               : → FileStorageServiceImpl.store called
2026-05-12T11:35:39.481+03:00  INFO 22044 --- [AdultEducation] [http-nio-8080-exec-9] c.w.A.s.impl.FileStorageServiceImpl      : File stored: http://localhost:8080/uploads/avatars/3bb698df-ee9d-44a0-a0bb-716909aa8a97.jpg
2026-05-12T11:35:39.483+03:00  INFO 22044 --- [AdultEducation] [http-nio-8080-exec-9] c.w.A.aspect.LoggingAspect               : ← FileStorageServiceImpl.store completed in 42 ms
2026-05-12T11:35:41.018+03:00  INFO 22044 --- [AdultEducation] [http-nio-8080-exec-3] c.w.A.aspect.LoggingAspect               : → UserServiceImpl.update called with args: [7, UpdateUserRequest[email=sofia.tkachenko@learning.com, firstName=Софія, lastName=Ткаченко, phone=+380 (68) 666-77-88, bio=Поліглот, викладачка англійської та німецької. 9 років практики викладання. CELTA-сертифікована., avatarUrl=http://localhost:8080/uploads/avatars/3bb698df-ee9d-44a0-a0bb-716909aa8a97.jpg, birthDate=1989-02-12, specialization=English / German Languages, experienceYears=9.0, role=TEACHER, active=true]]
2026-05-12T11:35:41.026+03:00  INFO 22044 --- [AdultEducation] [http-nio-8080-exec-3] c.w.A.aspect.LoggingAspect               : ← UserServiceImpl.update completed in 8 ms
2026-05-12T11:35:41.051+03:00  INFO 22044 --- [AdultEducation] [http-nio-8080-exec-6] c.w.A.aspect.LoggingAspect               : → UserServiceImpl.getAll called with args: [UserFilter[email=null, role=null, active=null], Page request [number: 1, size 10, sort: createdAt: DESC]]
2026-05-12T11:35:41.052+03:00  INFO 22044 --- [AdultEducation] [http-nio-8080-exec-6] c.w.A.aspect.LoggingAspect               : ← UserServiceImpl.getAll completed in 1 ms
2026-05-12T11:37:11.923+03:00  INFO 22044 --- [AdultEducation] [http-nio-8080-exec-7] c.w.A.aspect.LoggingAspect               : → FileStorageServiceImpl.store called
2026-05-12T11:37:11.927+03:00  INFO 22044 --- [AdultEducation] [http-nio-8080-exec-7] c.w.A.s.impl.FileStorageServiceImpl      : File stored: http://localhost:8080/uploads/avatars/bd931583-b890-48a7-b7b2-e1bafb49c895.jpg
2026-05-12T11:37:11.927+03:00  INFO 22044 --- [AdultEducation] [http-nio-8080-exec-7] c.w.A.aspect.LoggingAspect               : ← FileStorageServiceImpl.store completed in 4 ms
2026-05-12T11:37:12.910+03:00  INFO 22044 --- [AdultEducation] [http-nio-8080-exec-9] c.w.A.aspect.LoggingAspect               : → UserServiceImpl.update called with args: [3, UpdateUserRequest[email=olena.shevchenko@learning.com, firstName=Олена, lastName=Шевченко, phone=+380 (67) 222-33-44, bio=UX/UI дизайнер та засновниця дизайн-студії. Допомогла 50+ стартапам створити їхні цифрові продукти. Викладачка з 7-річним досвідом., avatarUrl=http://localhost:8080/uploads/avatars/bd931583-b890-48a7-b7b2-e1bafb49c895.jpg, birthDate=1990-07-22, specialization=UI/UX Design / Figma, experienceYears=7.0, role=TEACHER, active=true]]
2026-05-12T11:37:12.912+03:00  INFO 22044 --- [AdultEducation] [http-nio-8080-exec-9] c.w.A.aspect.LoggingAspect               : ← UserServiceImpl.update completed in 2 ms
2026-05-12T11:37:12.940+03:00  INFO 22044 --- [AdultEducation] [http-nio-8080-exec-5] c.w.A.aspect.LoggingAspect               : → UserServiceImpl.getAll called with args: [UserFilter[email=null, role=null, active=null], Page request [number: 1, size 10, sort: createdAt: DESC]]
2026-05-12T11:37:12.942+03:00  INFO 22044 --- [AdultEducation] [http-nio-8080-exec-5] c.w.A.aspect.LoggingAspect               : ← UserServiceImpl.getAll completed in 2 ms
2026-05-12T11:37:17.864+03:00  INFO 22044 --- [AdultEducation] [http-nio-8080-exec-1] c.w.A.aspect.LoggingAspect               : → FileStorageServiceImpl.store called
2026-05-12T11:37:17.879+03:00  INFO 22044 --- [AdultEducation] [http-nio-8080-exec-1] c.w.A.s.impl.FileStorageServiceImpl      : File stored: http://localhost:8080/uploads/avatars/ab79e1cf-18d3-40f4-a449-376e643370cf.jpg
2026-05-12T11:37:17.879+03:00  INFO 22044 --- [AdultEducation] [http-nio-8080-exec-1] c.w.A.aspect.LoggingAspect               : ← FileStorageServiceImpl.store completed in 15 ms
2026-05-12T11:37:19.015+03:00  INFO 22044 --- [AdultEducation] [http-nio-8080-exec-10] c.w.A.aspect.LoggingAspect               : → UserServiceImpl.update called with args: [5, UpdateUserRequest[email=natalia.bondar@learning.com, firstName=Наталія, lastName=Бондар, phone=+380 (97) 444-55-66, bio=Бізнес-консультант, ментор, екс-CEO двох стартапів. Запустила компанії в Україні та ЄС. Вчу робити бізнес, а не просто говорити про нього., avatarUrl=http://localhost:8080/uploads/avatars/ab79e1cf-18d3-40f4-a449-376e643370cf.jpg, birthDate=1982-05-30, specialization=Business & Entrepreneurship, experienceYears=12.0, role=TEACHER, active=true]]
2026-05-12T11:37:19.018+03:00  INFO 22044 --- [AdultEducation] [http-nio-8080-exec-10] c.w.A.aspect.LoggingAspect               : ← UserServiceImpl.update completed in 3 ms
2026-05-12T11:37:19.047+03:00  INFO 22044 --- [AdultEducation] [http-nio-8080-exec-8] c.w.A.aspect.LoggingAspect               : → UserServiceImpl.getAll called with args: [UserFilter[email=null, role=null, active=null], Page request [number: 1, size 10, sort: createdAt: DESC]]
2026-05-12T11:37:19.048+03:00  INFO 22044 --- [AdultEducation] [http-nio-8080-exec-8] c.w.A.aspect.LoggingAspect               : ← UserServiceImpl.getAll completed in 1 ms
2026-05-12T11:43:26.563+03:00  INFO 22044 --- [AdultEducation] [http-nio-8080-exec-2] c.w.A.aspect.LoggingAspect               : → FileStorageServiceImpl.store called
2026-05-12T11:43:26.575+03:00  INFO 22044 --- [AdultEducation] [http-nio-8080-exec-2] c.w.A.s.impl.FileStorageServiceImpl      : File stored: http://localhost:8080/uploads/avatars/44cc6420-6d56-4407-9611-e53dd6af5eb0.jpg
2026-05-12T11:43:26.575+03:00  INFO 22044 --- [AdultEducation] [http-nio-8080-exec-2] c.w.A.aspect.LoggingAspect               : ← FileStorageServiceImpl.store completed in 12 ms
2026-05-12T11:43:27.553+03:00  INFO 22044 --- [AdultEducation] [http-nio-8080-exec-1] c.w.A.aspect.LoggingAspect               : → UserServiceImpl.update called with args: [6, UpdateUserRequest[email=andriy.hrytsenko@learning.com, firstName=Андрій, lastName=Гриценко, phone=+380 (50) 555-66-77, bio=CFA, фінансовий аналітик. 6 років досвіду в інвестиційному банкінгу. Пояснюю фінанси зрозуміло навіть без економічної освіти., avatarUrl=http://localhost:8080/uploads/avatars/44cc6420-6d56-4407-9611-e53dd6af5eb0.jpg, birthDate=1992-09-18, specialization=Finance / Investing, experienceYears=6.0, role=TEACHER, active=true]]
2026-05-12T11:43:27.555+03:00  INFO 22044 --- [AdultEducation] [http-nio-8080-exec-1] c.w.A.aspect.LoggingAspect               : ← UserServiceImpl.update completed in 2 ms
2026-05-12T11:43:27.571+03:00  INFO 22044 --- [AdultEducation] [http-nio-8080-exec-3] c.w.A.aspect.LoggingAspect               : → UserServiceImpl.getAll called with args: [UserFilter[email=null, role=null, active=null], Page request [number: 1, size 10, sort: createdAt: DESC]]
2026-05-12T11:43:27.573+03:00  INFO 22044 --- [AdultEducation] [http-nio-8080-exec-3] c.w.A.aspect.LoggingAspect               : ← UserServiceImpl.getAll completed in 2 ms
2026-05-12T11:43:32.538+03:00  INFO 22044 --- [AdultEducation] [http-nio-8080-exec-6] c.w.A.aspect.LoggingAspect               : → FileStorageServiceImpl.store called
2026-05-12T11:43:32.549+03:00  INFO 22044 --- [AdultEducation] [http-nio-8080-exec-6] c.w.A.s.impl.FileStorageServiceImpl      : File stored: http://localhost:8080/uploads/avatars/b733dc48-0357-4098-a42e-1cac86be97cb.jpg
2026-05-12T11:43:32.549+03:00  INFO 22044 --- [AdultEducation] [http-nio-8080-exec-6] c.w.A.aspect.LoggingAspect               : ← FileStorageServiceImpl.store completed in 11 ms
2026-05-12T11:43:34.020+03:00  INFO 22044 --- [AdultEducation] [http-nio-8080-exec-7] c.w.A.aspect.LoggingAspect               : → UserServiceImpl.update called with args: [4, UpdateUserRequest[email=dmytro.kovalenko@learning.com, firstName=Дмитро, lastName=Коваленко, phone=+380 (67) 333-44-55, bio=Head of Marketing у міжнародному SaaS. Експерт з digital-marketing, growth hacking та побудови маркетингових команд з нуля., avatarUrl=http://localhost:8080/uploads/avatars/b733dc48-0357-4098-a42e-1cac86be97cb.jpg, birthDate=1988-11-08, specialization=Digital Marketing, experienceYears=8.5, role=TEACHER, active=true]]
2026-05-12T11:43:34.020+03:00  INFO 22044 --- [AdultEducation] [http-nio-8080-exec-7] c.w.A.aspect.LoggingAspect               : ← UserServiceImpl.update completed in 0 ms
2026-05-12T11:43:34.041+03:00  INFO 22044 --- [AdultEducation] [http-nio-8080-exec-4] c.w.A.aspect.LoggingAspect               : → UserServiceImpl.getAll called with args: [UserFilter[email=null, role=null, active=null], Page request [number: 1, size 10, sort: createdAt: DESC]]
2026-05-12T11:43:34.042+03:00  INFO 22044 --- [AdultEducation] [http-nio-8080-exec-4] c.w.A.aspect.LoggingAspect               : ← UserServiceImpl.getAll completed in 1 ms
2026-05-12T11:43:38.584+03:00  INFO 22044 --- [AdultEducation] [http-nio-8080-exec-2] c.w.A.aspect.LoggingAspect               : → FileStorageServiceImpl.store called
2026-05-12T11:43:38.666+03:00  INFO 22044 --- [AdultEducation] [http-nio-8080-exec-2] c.w.A.s.impl.FileStorageServiceImpl      : File stored: http://localhost:8080/uploads/avatars/19f2784a-2a33-44b1-a0e7-a6d96a58a294.jpg
2026-05-12T11:43:38.666+03:00  INFO 22044 --- [AdultEducation] [http-nio-8080-exec-2] c.w.A.aspect.LoggingAspect               : ← FileStorageServiceImpl.store completed in 82 ms
2026-05-12T11:43:39.728+03:00  INFO 22044 --- [AdultEducation] [http-nio-8080-exec-1] c.w.A.aspect.LoggingAspect               : → UserServiceImpl.update called with args: [2, UpdateUserRequest[email=ivan.petrov@learning.com, firstName=Іван, lastName=Петров, phone=+380 (50) 111-22-33, bio=Senior Java Developer з 10+ роками досвіду. Працював над великими enterprise-проєктами в банківській сфері. Люблю пояснювати складні речі простими словами., avatarUrl=http://localhost:8080/uploads/avatars/19f2784a-2a33-44b1-a0e7-a6d96a58a294.jpg, birthDate=1987-03-15, specialization=Java / Spring Boot, experienceYears=10.5, role=TEACHER, active=true]]
2026-05-12T11:43:39.729+03:00  INFO 22044 --- [AdultEducation] [http-nio-8080-exec-1] c.w.A.aspect.LoggingAspect               : ← UserServiceImpl.update completed in 1 ms
2026-05-12T11:43:39.758+03:00  INFO 22044 --- [AdultEducation] [http-nio-8080-exec-3] c.w.A.aspect.LoggingAspect               : → UserServiceImpl.getAll called with args: [UserFilter[email=null, role=null, active=null], Page request [number: 1, size 10, sort: createdAt: DESC]]
2026-05-12T11:43:39.759+03:00  INFO 22044 --- [AdultEducation] [http-nio-8080-exec-3] c.w.A.aspect.LoggingAspect               : ← UserServiceImpl.getAll completed in 1 ms
2026-05-12T11:43:46.132+03:00  INFO 22044 --- [AdultEducation] [http-nio-8080-exec-6] c.w.A.aspect.LoggingAspect               : → CourseServiceImpl.getAll called with args: [CourseFilter[title=null, topic=null, format=null, minPrice=null, maxPrice=null, minHours=null, maxHours=null, teacherId=null], Page request [number: 0, size 12, sort: id: DESC], true]
2026-05-12T11:43:46.138+03:00  INFO 22044 --- [AdultEducation] [http-nio-8080-exec-6] c.w.A.aspect.LoggingAspect               : ← CourseServiceImpl.getAll completed in 6 ms
2026-05-12T11:43:49.603+03:00  INFO 22044 --- [AdultEducation] [http-nio-8080-exec-10] c.w.A.aspect.LoggingAspect               : → MeServiceImpl.getMyProfile called with args: []
2026-05-12T11:43:49.605+03:00  INFO 22044 --- [AdultEducation] [http-nio-8080-exec-10] c.w.A.aspect.LoggingAspect               : ← MeServiceImpl.getMyProfile completed in 1 ms
2026-05-12T11:43:49.693+03:00  INFO 22044 --- [AdultEducation] [http-nio-8080-exec-8] c.w.A.aspect.LoggingAspect               : → CourseServiceImpl.getAll called with args: [CourseFilter[title=null, topic=null, format=null, minPrice=null, maxPrice=null, minHours=null, maxHours=null, teacherId=null], Page request [number: 0, size 12, sort: id: DESC], true]
2026-05-12T11:43:49.697+03:00  INFO 22044 --- [AdultEducation] [http-nio-8080-exec-8] c.w.A.aspect.LoggingAspect               : ← CourseServiceImpl.getAll completed in 4 ms
2026-05-12T11:43:51.043+03:00  INFO 22044 --- [AdultEducation] [http-nio-8080-exec-6] c.w.A.aspect.LoggingAspect               : → CourseServiceImpl.getById called with args: [15, true]
2026-05-12T11:43:51.043+03:00  INFO 22044 --- [AdultEducation] [http-nio-8080-exec-10] c.w.A.aspect.LoggingAspect               : → LessonServiceImpl.getLessonsForCoursePreview called with args: [15]
2026-05-12T11:43:51.047+03:00  INFO 22044 --- [AdultEducation] [http-nio-8080-exec-6] c.w.A.aspect.LoggingAspect               : ← CourseServiceImpl.getById completed in 4 ms
2026-05-12T11:43:51.049+03:00  INFO 22044 --- [AdultEducation] [http-nio-8080-exec-10] c.w.A.aspect.LoggingAspect               : ← LessonServiceImpl.getLessonsForCoursePreview completed in 6 ms
2026-05-12T11:43:51.071+03:00  INFO 22044 --- [AdultEducation] [http-nio-8080-exec-8] c.w.A.aspect.LoggingAspect               : → ReviewServiceImpl.getAll called with args: [ReviewFilter[courseId=15, studentId=null, minRating=null, maxRating=null], Page request [number: 0, size 5, sort: id: DESC], true]
2026-05-12T11:43:51.071+03:00  INFO 22044 --- [AdultEducation] [http-nio-8080-exec-2] c.w.A.aspect.LoggingAspect               : → ReviewServiceImpl.getAll called with args: [ReviewFilter[courseId=15, studentId=1, minRating=null, maxRating=null], Page request [number: 0, size 1, sort: id: ASC], true]
2026-05-12T11:43:51.072+03:00  INFO 22044 --- [AdultEducation] [http-nio-8080-exec-2] c.w.A.aspect.LoggingAspect               : ← ReviewServiceImpl.getAll completed in 1 ms
2026-05-12T11:43:51.072+03:00  INFO 22044 --- [AdultEducation] [http-nio-8080-exec-8] c.w.A.aspect.LoggingAspect               : ← ReviewServiceImpl.getAll completed in 1 ms
2026-05-12T11:43:54.764+03:00  INFO 22044 --- [AdultEducation] [http-nio-8080-exec-3] c.w.A.aspect.LoggingAspect               : → CourseServiceImpl.getAll called with args: [CourseFilter[title=null, topic=null, format=null, minPrice=null, maxPrice=null, minHours=null, maxHours=null, teacherId=7], Page request [number: 0, size 50, sort: createdAt: DESC], true]
2026-05-12T11:43:54.775+03:00  INFO 22044 --- [AdultEducation] [http-nio-8080-exec-3] c.w.A.aspect.LoggingAspect               : ← CourseServiceImpl.getAll completed in 11 ms
2026-05-12T11:43:57.048+03:00  INFO 22044 --- [AdultEducation] [http-nio-8080-exec-5] c.w.A.aspect.LoggingAspect               : → PublicServiceImpl.getTeacherById called with args: [7]
2026-05-12T11:43:57.048+03:00  INFO 22044 --- [AdultEducation] [http-nio-8080-exec-5] c.w.A.aspect.LoggingAspect               : ← PublicServiceImpl.getTeacherById completed in 0 ms
2026-05-12T11:44:33.796+03:00  INFO 22044 --- [AdultEducation] [http-nio-8080-exec-7] c.w.A.aspect.LoggingAspect               : → CourseServiceImpl.getAll called with args: [CourseFilter[title=null, topic=null, format=null, minPrice=null, maxPrice=null, minHours=null, maxHours=null, teacherId=null], Page request [number: 0, size 12, sort: id: DESC], true]
2026-05-12T11:44:33.800+03:00  INFO 22044 --- [AdultEducation] [http-nio-8080-exec-7] c.w.A.aspect.LoggingAspect               : ← CourseServiceImpl.getAll completed in 4 ms
2026-05-12T11:44:52.067+03:00  INFO 22044 --- [AdultEducation] [http-nio-8080-exec-9] c.w.A.aspect.LoggingAspect               : → UserServiceImpl.getAll called with args: [UserFilter[email=null, role=null, active=null], Page request [number: 0, size 10, sort: createdAt: DESC]]
2026-05-12T11:44:52.070+03:00  INFO 22044 --- [AdultEducation] [http-nio-8080-exec-9] c.w.A.aspect.LoggingAspect               : ← UserServiceImpl.getAll completed in 3 ms
2026-05-12T11:44:53.928+03:00  INFO 22044 --- [AdultEducation] [http-nio-8080-exec-3] c.w.A.aspect.LoggingAspect               : → UserServiceImpl.getAll called with args: [UserFilter[email=null, role=null, active=null], Page request [number: 1, size 10, sort: createdAt: DESC]]
2026-05-12T11:44:53.930+03:00  INFO 22044 --- [AdultEducation] [http-nio-8080-exec-3] c.w.A.aspect.LoggingAspect               : ← UserServiceImpl.getAll completed in 2 ms
2026-05-12T11:45:03.569+03:00  INFO 22044 --- [AdultEducation] [http-nio-8080-exec-4] c.w.A.aspect.LoggingAspect               : → UserServiceImpl.getAll called with args: [UserFilter[email=null, role=null, active=null], Page request [number: 0, size 10, sort: createdAt: DESC]]
2026-05-12T11:45:03.569+03:00  INFO 22044 --- [AdultEducation] [http-nio-8080-exec-4] c.w.A.aspect.LoggingAspect               : ← UserServiceImpl.getAll completed in 0 ms
2026-05-12T11:48:01.833+03:00  INFO 22044 --- [AdultEducation] [http-nio-8080-exec-2] c.w.A.aspect.LoggingAspect               : → FileStorageServiceImpl.store called
2026-05-12T11:48:01.887+03:00  INFO 22044 --- [AdultEducation] [http-nio-8080-exec-2] c.w.A.s.impl.FileStorageServiceImpl      : File stored: http://localhost:8080/uploads/avatars/13fe49cd-dbd6-421d-aff4-4b316ce05fb1.jpg
2026-05-12T11:48:01.887+03:00  INFO 22044 --- [AdultEducation] [http-nio-8080-exec-2] c.w.A.aspect.LoggingAspect               : ← FileStorageServiceImpl.store completed in 54 ms
2026-05-12T11:48:02.928+03:00  INFO 22044 --- [AdultEducation] [http-nio-8080-exec-1] c.w.A.aspect.LoggingAspect               : → UserServiceImpl.update called with args: [12, UpdateUserRequest[email=yulia.savchenko@mail.com, firstName=Юлія, lastName=Савченко, phone=+380 (95) 333-77-88, bio=Фрилансер-копірайтер. Хочу додати навички SEO та web-аналітики., avatarUrl=http://localhost:8080/uploads/avatars/13fe49cd-dbd6-421d-aff4-4b316ce05fb1.jpg, birthDate=1996-10-29, specialization=null, experienceYears=null, role=STUDENT, active=true]]
2026-05-12T11:48:02.933+03:00  INFO 22044 --- [AdultEducation] [http-nio-8080-exec-1] c.w.A.aspect.LoggingAspect               : ← UserServiceImpl.update completed in 5 ms
2026-05-12T11:48:02.963+03:00  INFO 22044 --- [AdultEducation] [http-nio-8080-exec-9] c.w.A.aspect.LoggingAspect               : → UserServiceImpl.getAll called with args: [UserFilter[email=null, role=null, active=null], Page request [number: 0, size 10, sort: createdAt: DESC]]
2026-05-12T11:48:02.966+03:00  INFO 22044 --- [AdultEducation] [http-nio-8080-exec-9] c.w.A.aspect.LoggingAspect               : ← UserServiceImpl.getAll completed in 3 ms
2026-05-12T11:48:08.213+03:00  INFO 22044 --- [AdultEducation] [http-nio-8080-exec-3] c.w.A.aspect.LoggingAspect               : → FileStorageServiceImpl.store called
2026-05-12T11:48:08.224+03:00  INFO 22044 --- [AdultEducation] [http-nio-8080-exec-3] c.w.A.s.impl.FileStorageServiceImpl      : File stored: http://localhost:8080/uploads/avatars/bf0d56f4-a0b3-4875-a567-1d90c46e2269.jpg
2026-05-12T11:48:08.224+03:00  INFO 22044 --- [AdultEducation] [http-nio-8080-exec-3] c.w.A.aspect.LoggingAspect               : ← FileStorageServiceImpl.store completed in 11 ms
2026-05-12T11:48:09.988+03:00  INFO 22044 --- [AdultEducation] [http-nio-8080-exec-7] c.w.A.aspect.LoggingAspect               : → UserServiceImpl.update called with args: [17, UpdateUserRequest[email=oleh.mazur@mail.com, firstName=Олег, lastName=Мазур, phone=+380 (95) 888-44-55, bio=Інженер, 35 років. Вирішив здобути нову професію у програмуванні., avatarUrl=http://localhost:8080/uploads/avatars/bf0d56f4-a0b3-4875-a567-1d90c46e2269.jpg, birthDate=1989-09-02, specialization=null, experienceYears=null, role=STUDENT, active=true]]
2026-05-12T11:48:09.988+03:00  INFO 22044 --- [AdultEducation] [http-nio-8080-exec-7] c.w.A.aspect.LoggingAspect               : ← UserServiceImpl.update completed in 0 ms
2026-05-12T11:48:10.020+03:00  INFO 22044 --- [AdultEducation] [http-nio-8080-exec-10] c.w.A.aspect.LoggingAspect               : → UserServiceImpl.getAll called with args: [UserFilter[email=null, role=null, active=null], Page request [number: 0, size 10, sort: createdAt: DESC]]
2026-05-12T11:48:10.025+03:00  INFO 22044 --- [AdultEducation] [http-nio-8080-exec-10] c.w.A.aspect.LoggingAspect               : ← UserServiceImpl.getAll completed in 5 ms
2026-05-12T11:48:14.997+03:00  INFO 22044 --- [AdultEducation] [http-nio-8080-exec-2] c.w.A.aspect.LoggingAspect               : → FileStorageServiceImpl.store called
2026-05-12T11:48:15.007+03:00  INFO 22044 --- [AdultEducation] [http-nio-8080-exec-2] c.w.A.s.impl.FileStorageServiceImpl      : File stored: http://localhost:8080/uploads/avatars/6d2df77c-bdc1-4b00-9ca2-3cc42ddb9085.jpg
2026-05-12T11:48:15.007+03:00  INFO 22044 --- [AdultEducation] [http-nio-8080-exec-2] c.w.A.aspect.LoggingAspect               : ← FileStorageServiceImpl.store completed in 10 ms
2026-05-12T11:48:16.127+03:00  INFO 22044 --- [AdultEducation] [http-nio-8080-exec-1] c.w.A.aspect.LoggingAspect               : → UserServiceImpl.update called with args: [16, UpdateUserRequest[email=kateryna.panchenko@mail.com, firstName=Катерина, lastName=Панченко, phone=+380 (67) 777-33-44, bio=HR Manager. Вчуся краще розуміти бізнес та технології., avatarUrl=http://localhost:8080/uploads/avatars/6d2df77c-bdc1-4b00-9ca2-3cc42ddb9085.jpg, birthDate=1989-05-11, specialization=null, experienceYears=null, role=STUDENT, active=true]]
2026-05-12T11:48:16.127+03:00  INFO 22044 --- [AdultEducation] [http-nio-8080-exec-1] c.w.A.aspect.LoggingAspect               : ← UserServiceImpl.update completed in 0 ms
2026-05-12T11:48:16.230+03:00  INFO 22044 --- [AdultEducation] [http-nio-8080-exec-9] c.w.A.aspect.LoggingAspect               : → UserServiceImpl.getAll called with args: [UserFilter[email=null, role=null, active=null], Page request [number: 0, size 10, sort: createdAt: DESC]]
2026-05-12T11:48:16.231+03:00  INFO 22044 --- [AdultEducation] [http-nio-8080-exec-9] c.w.A.aspect.LoggingAspect               : ← UserServiceImpl.getAll completed in 0 ms
2026-05-12T11:48:21.899+03:00  INFO 22044 --- [AdultEducation] [http-nio-8080-exec-3] c.w.A.aspect.LoggingAspect               : → FileStorageServiceImpl.store called
2026-05-12T11:48:21.961+03:00  INFO 22044 --- [AdultEducation] [http-nio-8080-exec-3] c.w.A.s.impl.FileStorageServiceImpl      : File stored: http://localhost:8080/uploads/avatars/d35753ef-fe44-4d09-bf14-22b8a675040d.jpg
2026-05-12T11:48:21.961+03:00  INFO 22044 --- [AdultEducation] [http-nio-8080-exec-3] c.w.A.aspect.LoggingAspect               : ← FileStorageServiceImpl.store completed in 62 ms
2026-05-12T11:48:23.336+03:00  INFO 22044 --- [AdultEducation] [http-nio-8080-exec-7] c.w.A.aspect.LoggingAspect               : → UserServiceImpl.update called with args: [18, UpdateUserRequest[email=anna.horodetska@mail.com, firstName=Анна, lastName=Городецька, phone=+380 (63) 999-55-66, bio=Графічна дизайнерка. Розширюю скіли до UI/UX., avatarUrl=http://localhost:8080/uploads/avatars/d35753ef-fe44-4d09-bf14-22b8a675040d.jpg, birthDate=1994-07-19, specialization=null, experienceYears=null, role=STUDENT, active=true]]
2026-05-12T11:48:23.339+03:00  INFO 22044 --- [AdultEducation] [http-nio-8080-exec-7] c.w.A.aspect.LoggingAspect               : ← UserServiceImpl.update completed in 3 ms
2026-05-12T11:48:23.367+03:00  INFO 22044 --- [AdultEducation] [http-nio-8080-exec-10] c.w.A.aspect.LoggingAspect               : → UserServiceImpl.getAll called with args: [UserFilter[email=null, role=null, active=null], Page request [number: 0, size 10, sort: createdAt: DESC]]
2026-05-12T11:48:23.372+03:00  INFO 22044 --- [AdultEducation] [http-nio-8080-exec-10] c.w.A.aspect.LoggingAspect               : ← UserServiceImpl.getAll completed in 5 ms
2026-05-12T11:48:29.422+03:00  INFO 22044 --- [AdultEducation] [http-nio-8080-exec-2] c.w.A.aspect.LoggingAspect               : → UserServiceImpl.getAll called with args: [UserFilter[email=null, role=null, active=null], Page request [number: 1, size 10, sort: createdAt: DESC]]
2026-05-12T11:48:29.422+03:00  INFO 22044 --- [AdultEducation] [http-nio-8080-exec-2] c.w.A.aspect.LoggingAspect               : ← UserServiceImpl.getAll completed in 0 ms
2026-05-12T11:48:30.876+03:00  INFO 22044 --- [AdultEducation] [http-nio-8080-exec-8] c.w.A.aspect.LoggingAspect               : → UserServiceImpl.getAll called with args: [UserFilter[email=null, role=null, active=null], Page request [number: 0, size 10, sort: createdAt: DESC]]
2026-05-12T11:48:30.879+03:00  INFO 22044 --- [AdultEducation] [http-nio-8080-exec-8] c.w.A.aspect.LoggingAspect               : ← UserServiceImpl.getAll completed in 3 ms
2026-05-12T11:49:31.576+03:00  INFO 22044 --- [AdultEducation] [http-nio-8080-exec-9] c.w.A.aspect.LoggingAspect               : → UserServiceImpl.getAll called with args: [UserFilter[email=null, role=null, active=null], Page request [number: 1, size 10, sort: createdAt: DESC]]
2026-05-12T11:49:31.578+03:00  INFO 22044 --- [AdultEducation] [http-nio-8080-exec-9] c.w.A.aspect.LoggingAspect               : ← UserServiceImpl.getAll completed in 2 ms
2026-05-12T11:49:35.550+03:00  INFO 22044 --- [AdultEducation] [http-nio-8080-exec-3] c.w.A.aspect.LoggingAspect               : → UserServiceImpl.getAll called with args: [UserFilter[email=null, role=null, active=null], Page request [number: 0, size 10, sort: createdAt: DESC]]
2026-05-12T11:49:35.556+03:00  INFO 22044 --- [AdultEducation] [http-nio-8080-exec-3] c.w.A.aspect.LoggingAspect               : ← UserServiceImpl.getAll completed in 6 ms
2026-05-12T11:49:48.629+03:00  INFO 22044 --- [AdultEducation] [http-nio-8080-exec-5] c.w.A.aspect.LoggingAspect               : → FileStorageServiceImpl.store called
2026-05-12T11:49:48.636+03:00  INFO 22044 --- [AdultEducation] [http-nio-8080-exec-5] c.w.A.s.impl.FileStorageServiceImpl      : File stored: http://localhost:8080/uploads/avatars/06fbd194-c5ab-493b-93a1-0e8260eeb54d.jpg
2026-05-12T11:49:48.636+03:00  INFO 22044 --- [AdultEducation] [http-nio-8080-exec-5] c.w.A.aspect.LoggingAspect               : ← FileStorageServiceImpl.store completed in 6 ms
2026-05-12T11:49:49.649+03:00  INFO 22044 --- [AdultEducation] [http-nio-8080-exec-10] c.w.A.aspect.LoggingAspect               : → UserServiceImpl.update called with args: [15, UpdateUserRequest[email=volodymyr.sych@mail.com, firstName=Володимир, lastName=Сич, phone=+380 (50) 666-22-33, bio=Студент останнього курсу університету. Шукаю свою нішу., avatarUrl=http://localhost:8080/uploads/avatars/06fbd194-c5ab-493b-93a1-0e8260eeb54d.jpg, birthDate=2002-11-20, specialization=null, experienceYears=null, role=STUDENT, active=true]]
2026-05-12T11:49:49.649+03:00  INFO 22044 --- [AdultEducation] [http-nio-8080-exec-10] c.w.A.aspect.LoggingAspect               : ← UserServiceImpl.update completed in 0 ms
2026-05-12T11:49:49.700+03:00  INFO 22044 --- [AdultEducation] [http-nio-8080-exec-2] c.w.A.aspect.LoggingAspect               : → UserServiceImpl.getAll called with args: [UserFilter[email=null, role=null, active=null], Page request [number: 0, size 10, sort: createdAt: DESC]]
2026-05-12T11:49:49.703+03:00  INFO 22044 --- [AdultEducation] [http-nio-8080-exec-2] c.w.A.aspect.LoggingAspect               : ← UserServiceImpl.getAll completed in 3 ms
2026-05-12T11:49:52.655+03:00  INFO 22044 --- [AdultEducation] [http-nio-8080-exec-8] c.w.A.aspect.LoggingAspect               : → UserServiceImpl.getAll called with args: [UserFilter[email=null, role=null, active=null], Page request [number: 1, size 10, sort: createdAt: DESC]]
2026-05-12T11:49:52.656+03:00  INFO 22044 --- [AdultEducation] [http-nio-8080-exec-8] c.w.A.aspect.LoggingAspect               : ← UserServiceImpl.getAll completed in 1 ms
2026-05-12T11:49:56.189+03:00  INFO 22044 --- [AdultEducation] [http-nio-8080-exec-9] c.w.A.aspect.LoggingAspect               : → FileStorageServiceImpl.store called
2026-05-12T11:49:56.235+03:00  INFO 22044 --- [AdultEducation] [http-nio-8080-exec-9] c.w.A.s.impl.FileStorageServiceImpl      : File stored: http://localhost:8080/uploads/avatars/97474534-da3e-4c41-b8dc-d55e60500da2.jpg
2026-05-12T11:49:56.235+03:00  INFO 22044 --- [AdultEducation] [http-nio-8080-exec-9] c.w.A.aspect.LoggingAspect               : ← FileStorageServiceImpl.store completed in 46 ms
2026-05-12T11:49:57.385+03:00  INFO 22044 --- [AdultEducation] [http-nio-8080-exec-4] c.w.A.aspect.LoggingAspect               : → UserServiceImpl.update called with args: [9, UpdateUserRequest[email=andriy.melnyk@mail.com, firstName=Андрій, lastName=Мельник, phone=+380 (97) 765-43-21, bio=Цікавлюсь дизайном і маркетингом. Працюю SMM-менеджером., avatarUrl=http://localhost:8080/uploads/avatars/97474534-da3e-4c41-b8dc-d55e60500da2.jpg, birthDate=1997-08-25, specialization=null, experienceYears=null, role=STUDENT, active=true]]
2026-05-12T11:49:57.385+03:00  INFO 22044 --- [AdultEducation] [http-nio-8080-exec-4] c.w.A.aspect.LoggingAspect               : ← UserServiceImpl.update completed in 0 ms
2026-05-12T11:49:57.416+03:00  INFO 22044 --- [AdultEducation] [http-nio-8080-exec-7] c.w.A.aspect.LoggingAspect               : → UserServiceImpl.getAll called with args: [UserFilter[email=null, role=null, active=null], Page request [number: 1, size 10, sort: createdAt: DESC]]
2026-05-12T11:49:57.416+03:00  INFO 22044 --- [AdultEducation] [http-nio-8080-exec-7] c.w.A.aspect.LoggingAspect               : ← UserServiceImpl.getAll completed in 0 ms
2026-05-12T11:49:59.095+03:00  INFO 22044 --- [AdultEducation] [http-nio-8080-exec-10] c.w.A.aspect.LoggingAspect               : → CourseServiceImpl.getAll called with args: [CourseFilter[title=null, topic=null, format=null, minPrice=null, maxPrice=null, minHours=null, maxHours=null, teacherId=null], Page request [number: 0, size 12, sort: id: DESC], true]
2026-05-12T11:49:59.097+03:00  INFO 22044 --- [AdultEducation] [http-nio-8080-exec-10] c.w.A.aspect.LoggingAspect               : ← CourseServiceImpl.getAll completed in 2 ms
2026-05-12T11:50:01.915+03:00  INFO 22044 --- [AdultEducation] [http-nio-8080-exec-8] c.w.A.aspect.LoggingAspect               : → LessonServiceImpl.getLessonsForCoursePreview called with args: [15]
2026-05-12T11:50:01.915+03:00  INFO 22044 --- [AdultEducation] [http-nio-8080-exec-2] c.w.A.aspect.LoggingAspect               : → CourseServiceImpl.getById called with args: [15, true]
2026-05-12T11:50:01.915+03:00  INFO 22044 --- [AdultEducation] [http-nio-8080-exec-2] c.w.A.aspect.LoggingAspect               : ← CourseServiceImpl.getById completed in 0 ms
2026-05-12T11:50:01.915+03:00  INFO 22044 --- [AdultEducation] [http-nio-8080-exec-8] c.w.A.aspect.LoggingAspect               : ← LessonServiceImpl.getLessonsForCoursePreview completed in 0 ms
2026-05-12T11:50:01.936+03:00  INFO 22044 --- [AdultEducation] [http-nio-8080-exec-1] c.w.A.aspect.LoggingAspect               : → ReviewServiceImpl.getAll called with args: [ReviewFilter[courseId=15, studentId=1, minRating=null, maxRating=null], Page request [number: 0, size 1, sort: id: ASC], true]
2026-05-12T11:50:01.936+03:00  INFO 22044 --- [AdultEducation] [http-nio-8080-exec-6] c.w.A.aspect.LoggingAspect               : → ReviewServiceImpl.getAll called with args: [ReviewFilter[courseId=15, studentId=null, minRating=null, maxRating=null], Page request [number: 0, size 5, sort: id: DESC], true]
2026-05-12T11:50:01.936+03:00  INFO 22044 --- [AdultEducation] [http-nio-8080-exec-1] c.w.A.aspect.LoggingAspect               : ← ReviewServiceImpl.getAll completed in 0 ms
2026-05-12T11:50:01.936+03:00  INFO 22044 --- [AdultEducation] [http-nio-8080-exec-6] c.w.A.aspect.LoggingAspect               : ← ReviewServiceImpl.getAll completed in 0 ms
2026-05-12T11:50:04.245+03:00  INFO 22044 --- [AdultEducation] [http-nio-8080-exec-9] c.w.A.aspect.LoggingAspect               : → PublicServiceImpl.getTeacherById called with args: [7]
2026-05-12T11:50:04.245+03:00  INFO 22044 --- [AdultEducation] [http-nio-8080-exec-3] c.w.A.aspect.LoggingAspect               : → CourseServiceImpl.getAll called with args: [CourseFilter[title=null, topic=null, format=null, minPrice=null, maxPrice=null, minHours=null, maxHours=null, teacherId=7], Page request [number: 0, size 50, sort: createdAt: DESC], true]
2026-05-12T11:50:04.245+03:00  INFO 22044 --- [AdultEducation] [http-nio-8080-exec-9] c.w.A.aspect.LoggingAspect               : ← PublicServiceImpl.getTeacherById completed in 0 ms
2026-05-12T11:50:04.245+03:00  INFO 22044 --- [AdultEducation] [http-nio-8080-exec-3] c.w.A.aspect.LoggingAspect               : ← CourseServiceImpl.getAll completed in 0 ms
2026-05-12T11:50:06.967+03:00  INFO 22044 --- [AdultEducation] [http-nio-8080-exec-5] c.w.A.aspect.LoggingAspect               : → CourseServiceImpl.getById called with args: [15, true]
2026-05-12T11:50:06.967+03:00  INFO 22044 --- [AdultEducation] [http-nio-8080-exec-4] c.w.A.aspect.LoggingAspect               : → LessonServiceImpl.getLessonsForCoursePreview called with args: [15]
2026-05-12T11:50:06.968+03:00  INFO 22044 --- [AdultEducation] [http-nio-8080-exec-5] c.w.A.aspect.LoggingAspect               : ← CourseServiceImpl.getById completed in 1 ms
2026-05-12T11:50:06.968+03:00  INFO 22044 --- [AdultEducation] [http-nio-8080-exec-4] c.w.A.aspect.LoggingAspect               : ← LessonServiceImpl.getLessonsForCoursePreview completed in 1 ms
2026-05-12T11:50:06.985+03:00  INFO 22044 --- [AdultEducation] [http-nio-8080-exec-10] c.w.A.aspect.LoggingAspect               : → ReviewServiceImpl.getAll called with args: [ReviewFilter[courseId=15, studentId=1, minRating=null, maxRating=null], Page request [number: 0, size 1, sort: id: ASC], true]
2026-05-12T11:50:06.985+03:00  INFO 22044 --- [AdultEducation] [http-nio-8080-exec-7] c.w.A.aspect.LoggingAspect               : → ReviewServiceImpl.getAll called with args: [ReviewFilter[courseId=15, studentId=null, minRating=null, maxRating=null], Page request [number: 0, size 5, sort: id: DESC], true]
2026-05-12T11:50:06.987+03:00  INFO 22044 --- [AdultEducation] [http-nio-8080-exec-7] c.w.A.aspect.LoggingAspect               : ← ReviewServiceImpl.getAll completed in 2 ms
2026-05-12T11:50:06.987+03:00  INFO 22044 --- [AdultEducation] [http-nio-8080-exec-10] c.w.A.aspect.LoggingAspect               : ← ReviewServiceImpl.getAll completed in 2 ms
2026-05-12T11:50:14.921+03:00  INFO 22044 --- [AdultEducation] [http-nio-8080-exec-8] c.w.A.aspect.LoggingAspect               : → CourseServiceImpl.getAll called with args: [CourseFilter[title=null, topic=null, format=null, minPrice=null, maxPrice=null, minHours=null, maxHours=null, teacherId=null], Page request [number: 0, size 12, sort: id: DESC], true]
2026-05-12T11:50:14.921+03:00  INFO 22044 --- [AdultEducation] [http-nio-8080-exec-8] c.w.A.aspect.LoggingAspect               : ← CourseServiceImpl.getAll completed in 0 ms
2026-05-12T11:51:26.718+03:00  INFO 22044 --- [AdultEducation] [http-nio-8080-exec-9] c.w.A.aspect.LoggingAspect               : → UserServiceImpl.getAll called with args: [UserFilter[email=null, role=null, active=null], Page request [number: 0, size 10, sort: createdAt: DESC]]
2026-05-12T11:51:26.721+03:00  INFO 22044 --- [AdultEducation] [http-nio-8080-exec-9] c.w.A.aspect.LoggingAspect               : ← UserServiceImpl.getAll completed in 3 ms
2026-05-12T11:51:46.066+03:00  INFO 22044 --- [AdultEducation] [http-nio-8080-exec-3] c.w.A.aspect.LoggingAspect               : → UserServiceImpl.getAll called with args: [UserFilter[email=null, role=null, active=null], Page request [number: 1, size 10, sort: createdAt: DESC]]
2026-05-12T11:51:46.066+03:00  INFO 22044 --- [AdultEducation] [http-nio-8080-exec-3] c.w.A.aspect.LoggingAspect               : ← UserServiceImpl.getAll completed in 0 ms
2026-05-12T11:51:50.778+03:00  INFO 22044 --- [AdultEducation] [http-nio-8080-exec-4] c.w.A.aspect.LoggingAspect               : → UserServiceImpl.getAll called with args: [UserFilter[email=null, role=null, active=null], Page request [number: 0, size 10, sort: createdAt: DESC]]
2026-05-12T11:51:50.782+03:00  INFO 22044 --- [AdultEducation] [http-nio-8080-exec-4] c.w.A.aspect.LoggingAspect               : ← UserServiceImpl.getAll completed in 4 ms
2026-05-12T11:51:52.707+03:00  INFO 22044 --- [AdultEducation] [http-nio-8080-exec-5] c.w.A.aspect.LoggingAspect               : → CourseServiceImpl.getAll called with args: [CourseFilter[title=null, topic=null, format=null, minPrice=null, maxPrice=null, minHours=null, maxHours=null, teacherId=null], Page request [number: 0, size 12, sort: id: DESC], true]
2026-05-12T11:51:52.707+03:00  INFO 22044 --- [AdultEducation] [http-nio-8080-exec-5] c.w.A.aspect.LoggingAspect               : ← CourseServiceImpl.getAll completed in 0 ms
2026-05-12T11:51:55.650+03:00  INFO 22044 --- [AdultEducation] [http-nio-8080-exec-10] c.w.A.aspect.LoggingAspect               : → CourseServiceImpl.getAll called with args: [CourseFilter[title=null, topic=null, format=null, minPrice=null, maxPrice=null, minHours=null, maxHours=null, teacherId=null], Page request [number: 1, size 12, sort: id: DESC], true]
2026-05-12T11:51:55.651+03:00  INFO 22044 --- [AdultEducation] [http-nio-8080-exec-10] c.w.A.aspect.LoggingAspect               : ← CourseServiceImpl.getAll completed in 1 ms
2026-05-12T11:51:57.006+03:00  INFO 22044 --- [AdultEducation] [http-nio-8080-exec-2] c.w.A.aspect.LoggingAspect               : → CourseServiceImpl.getAll called with args: [CourseFilter[title=null, topic=null, format=null, minPrice=null, maxPrice=null, minHours=null, maxHours=null, teacherId=null], Page request [number: 0, size 12, sort: id: DESC], true]
2026-05-12T11:51:57.012+03:00  INFO 22044 --- [AdultEducation] [http-nio-8080-exec-2] c.w.A.aspect.LoggingAspect               : ← CourseServiceImpl.getAll completed in 6 ms
2026-05-12T11:52:01.645+03:00  INFO 22044 --- [AdultEducation] [http-nio-8080-exec-6] c.w.A.aspect.LoggingAspect               : → LessonServiceImpl.getLessonsForCoursePreview called with args: [15]
2026-05-12T11:52:01.645+03:00  INFO 22044 --- [AdultEducation] [http-nio-8080-exec-1] c.w.A.aspect.LoggingAspect               : → CourseServiceImpl.getById called with args: [15, true]
2026-05-12T11:52:01.645+03:00  INFO 22044 --- [AdultEducation] [http-nio-8080-exec-1] c.w.A.aspect.LoggingAspect               : ← CourseServiceImpl.getById completed in 0 ms
2026-05-12T11:52:01.645+03:00  INFO 22044 --- [AdultEducation] [http-nio-8080-exec-6] c.w.A.aspect.LoggingAspect               : ← LessonServiceImpl.getLessonsForCoursePreview completed in 0 ms
2026-05-12T11:52:01.665+03:00  INFO 22044 --- [AdultEducation] [http-nio-8080-exec-3] c.w.A.aspect.LoggingAspect               : → ReviewServiceImpl.getAll called with args: [ReviewFilter[courseId=15, studentId=1, minRating=null, maxRating=null], Page request [number: 0, size 1, sort: id: ASC], true]
2026-05-12T11:52:01.665+03:00  INFO 22044 --- [AdultEducation] [http-nio-8080-exec-9] c.w.A.aspect.LoggingAspect               : → ReviewServiceImpl.getAll called with args: [ReviewFilter[courseId=15, studentId=null, minRating=null, maxRating=null], Page request [number: 0, size 5, sort: id: DESC], true]
2026-05-12T11:52:01.665+03:00  INFO 22044 --- [AdultEducation] [http-nio-8080-exec-3] c.w.A.aspect.LoggingAspect               : ← ReviewServiceImpl.getAll completed in 0 ms
2026-05-12T11:52:01.665+03:00  INFO 22044 --- [AdultEducation] [http-nio-8080-exec-9] c.w.A.aspect.LoggingAspect               : ← ReviewServiceImpl.getAll completed in 0 ms
2026-05-12T11:52:04.824+03:00  INFO 22044 --- [AdultEducation] [http-nio-8080-exec-4] c.w.A.aspect.LoggingAspect               : → PublicServiceImpl.getTeacherById called with args: [7]
2026-05-12T11:52:04.825+03:00  INFO 22044 --- [AdultEducation] [http-nio-8080-exec-5] c.w.A.aspect.LoggingAspect               : → CourseServiceImpl.getAll called with args: [CourseFilter[title=null, topic=null, format=null, minPrice=null, maxPrice=null, minHours=null, maxHours=null, teacherId=7], Page request [number: 0, size 50, sort: createdAt: DESC], true]
2026-05-12T11:52:04.825+03:00  INFO 22044 --- [AdultEducation] [http-nio-8080-exec-4] c.w.A.aspect.LoggingAspect               : ← PublicServiceImpl.getTeacherById completed in 1 ms
2026-05-12T11:52:04.827+03:00  INFO 22044 --- [AdultEducation] [http-nio-8080-exec-5] c.w.A.aspect.LoggingAspect               : ← CourseServiceImpl.getAll completed in 2 ms
2026-05-12T11:52:31.213+03:00  INFO 22044 --- [AdultEducation] [http-nio-8080-exec-10] c.w.A.aspect.LoggingAspect               : → CourseServiceImpl.getAll called with args: [CourseFilter[title=null, topic=null, format=null, minPrice=null, maxPrice=null, minHours=null, maxHours=null, teacherId=null], Page request [number: 0, size 12, sort: id: DESC], true]
2026-05-12T11:52:31.216+03:00  INFO 22044 --- [AdultEducation] [http-nio-8080-exec-10] c.w.A.aspect.LoggingAspect               : ← CourseServiceImpl.getAll completed in 3 ms
2026-05-12T11:52:38.421+03:00  INFO 22044 --- [AdultEducation] [http-nio-8080-exec-7] c.w.A.aspect.LoggingAspect               : → CourseServiceImpl.getAll called with args: [CourseFilter[title=null, topic=null, format=null, minPrice=null, maxPrice=null, minHours=null, maxHours=null, teacherId=null], Page request [number: 1, size 12, sort: id: DESC], true]
2026-05-12T11:52:38.423+03:00  INFO 22044 --- [AdultEducation] [http-nio-8080-exec-7] c.w.A.aspect.LoggingAspect               : ← CourseServiceImpl.getAll completed in 2 ms
2026-05-12T11:52:41.308+03:00  INFO 22044 --- [AdultEducation] [http-nio-8080-exec-8] c.w.A.aspect.LoggingAspect               : → CourseServiceImpl.getAll called with args: [CourseFilter[title=null, topic=null, format=null, minPrice=null, maxPrice=null, minHours=null, maxHours=null, teacherId=null], Page request [number: 0, size 12, sort: id: DESC], true]
2026-05-12T11:52:41.312+03:00  INFO 22044 --- [AdultEducation] [http-nio-8080-exec-8] c.w.A.aspect.LoggingAspect               : ← CourseServiceImpl.getAll completed in 3 ms
2026-05-12T11:52:44.148+03:00  INFO 22044 --- [AdultEducation] [http-nio-8080-exec-6] c.w.A.aspect.LoggingAspect               : → CourseServiceImpl.getAll called with args: [CourseFilter[title=null, topic=null, format=null, minPrice=null, maxPrice=null, minHours=null, maxHours=null, teacherId=null], Page request [number: 0, size 12, sort: price: DESC], true]
2026-05-12T11:52:44.148+03:00  INFO 22044 --- [AdultEducation] [http-nio-8080-exec-6] c.w.A.aspect.LoggingAspect               : ← CourseServiceImpl.getAll completed in 0 ms
2026-05-12T11:52:53.674+03:00  INFO 22044 --- [AdultEducation] [http-nio-8080-exec-1] c.w.A.aspect.LoggingAspect               : → CourseServiceImpl.getById called with args: [10, true]
2026-05-12T11:52:53.675+03:00  INFO 22044 --- [AdultEducation] [http-nio-8080-exec-1] c.w.A.aspect.LoggingAspect               : ← CourseServiceImpl.getById completed in 1 ms
2026-05-12T11:52:53.675+03:00  INFO 22044 --- [AdultEducation] [http-nio-8080-exec-9] c.w.A.aspect.LoggingAspect               : → LessonServiceImpl.getLessonsForCoursePreview called with args: [10]
2026-05-12T11:52:53.677+03:00  INFO 22044 --- [AdultEducation] [http-nio-8080-exec-9] c.w.A.aspect.LoggingAspect               : ← LessonServiceImpl.getLessonsForCoursePreview completed in 2 ms
2026-05-12T11:52:53.693+03:00  INFO 22044 --- [AdultEducation] [http-nio-8080-exec-7] c.w.A.aspect.LoggingAspect               : → ReviewServiceImpl.getAll called with args: [ReviewFilter[courseId=10, studentId=null, minRating=null, maxRating=null], Page request [number: 0, size 5, sort: id: DESC], true]
2026-05-12T11:52:53.693+03:00  INFO 22044 --- [AdultEducation] [http-nio-8080-exec-10] c.w.A.aspect.LoggingAspect               : → ReviewServiceImpl.getAll called with args: [ReviewFilter[courseId=10, studentId=1, minRating=null, maxRating=null], Page request [number: 0, size 1, sort: id: ASC], true]
2026-05-12T11:52:53.693+03:00  INFO 22044 --- [AdultEducation] [http-nio-8080-exec-10] c.w.A.aspect.LoggingAspect               : ← ReviewServiceImpl.getAll completed in 0 ms
2026-05-12T11:52:53.693+03:00  INFO 22044 --- [AdultEducation] [http-nio-8080-exec-7] c.w.A.aspect.LoggingAspect               : ← ReviewServiceImpl.getAll completed in 0 ms
2026-05-12T11:52:56.117+03:00  INFO 22044 --- [AdultEducation] [http-nio-8080-exec-3] c.w.A.aspect.LoggingAspect               : → PublicServiceImpl.getTeacherById called with args: [5]
2026-05-12T11:52:56.117+03:00  INFO 22044 --- [AdultEducation] [http-nio-8080-exec-6] c.w.A.aspect.LoggingAspect               : → CourseServiceImpl.getAll called with args: [CourseFilter[title=null, topic=null, format=null, minPrice=null, maxPrice=null, minHours=null, maxHours=null, teacherId=5], Page request [number: 0, size 50, sort: createdAt: DESC], true]
2026-05-12T11:52:56.117+03:00  INFO 22044 --- [AdultEducation] [http-nio-8080-exec-3] c.w.A.aspect.LoggingAspect               : ← PublicServiceImpl.getTeacherById completed in 0 ms
2026-05-12T11:52:56.121+03:00  INFO 22044 --- [AdultEducation] [http-nio-8080-exec-6] c.w.A.aspect.LoggingAspect               : ← CourseServiceImpl.getAll completed in 4 ms
2026-05-12T11:53:05.943+03:00  INFO 22044 --- [AdultEducation] [http-nio-8080-exec-4] c.w.A.aspect.LoggingAspect               : → CourseServiceImpl.getAll called with args: [CourseFilter[title=null, topic=null, format=null, minPrice=null, maxPrice=null, minHours=null, maxHours=null, teacherId=null], Page request [number: 0, size 6, sort: id: DESC], true]
2026-05-12T11:53:05.944+03:00  INFO 22044 --- [AdultEducation] [http-nio-8080-exec-4] c.w.A.aspect.LoggingAspect               : ← CourseServiceImpl.getAll completed in 1 ms
2026-05-12T11:53:18.548+03:00  INFO 22044 --- [AdultEducation] [http-nio-8080-exec-10] c.w.A.aspect.LoggingAspect               : → CourseServiceImpl.getAll called with args: [CourseFilter[title=null, topic=null, format=null, minPrice=null, maxPrice=null, minHours=null, maxHours=null, teacherId=null], Page request [number: 0, size 12, sort: id: DESC], true]
2026-05-12T11:53:18.551+03:00  INFO 22044 --- [AdultEducation] [http-nio-8080-exec-10] c.w.A.aspect.LoggingAspect               : ← CourseServiceImpl.getAll completed in 3 ms
2026-05-12T11:53:42.933+03:00  INFO 22044 --- [AdultEducation] [http-nio-8080-exec-8] c.w.A.aspect.LoggingAspect               : → AuthService.login called
2026-05-12T11:53:43.206+03:00  INFO 22044 --- [AdultEducation] [http-nio-8080-exec-8] c.w.A.aspect.LoggingAspect               : ← AuthService.login completed in 273 ms
2026-05-12T11:53:43.215+03:00  INFO 22044 --- [AdultEducation] [http-nio-8080-exec-3] c.w.A.aspect.LoggingAspect               : → MeServiceImpl.getMyProfile called with args: []
2026-05-12T11:53:43.215+03:00  INFO 22044 --- [AdultEducation] [http-nio-8080-exec-3] c.w.A.aspect.LoggingAspect               : ← MeServiceImpl.getMyProfile completed in 0 ms
2026-05-12T11:53:43.469+03:00  INFO 22044 --- [AdultEducation] [http-nio-8080-exec-9] c.w.A.aspect.LoggingAspect               : → CourseServiceImpl.getAll called with args: [CourseFilter[title=null, topic=null, format=null, minPrice=null, maxPrice=null, minHours=null, maxHours=null, teacherId=null], Page request [number: 0, size 6, sort: id: DESC], true]
2026-05-12T11:53:43.469+03:00  INFO 22044 --- [AdultEducation] [http-nio-8080-exec-9] c.w.A.aspect.LoggingAspect               : ← CourseServiceImpl.getAll completed in 0 ms
2026-05-12T11:53:46.816+03:00  INFO 22044 --- [AdultEducation] [http-nio-8080-exec-10] c.w.A.aspect.LoggingAspect               : → EducationServiceImpl.getMyAsStudent called with args: [EducationFilter[studentId=null, courseId=null, teacherId=null, status=null], Page request [number: 0, size 12, sort: enrolledDate: DESC]]
2026-05-12T11:53:46.833+03:00  INFO 22044 --- [AdultEducation] [http-nio-8080-exec-10] c.w.A.aspect.LoggingAspect               : ← EducationServiceImpl.getMyAsStudent completed in 17 ms
2026-05-12T11:54:00.541+03:00  INFO 22044 --- [AdultEducation] [http-nio-8080-exec-7] c.w.A.aspect.LoggingAspect               : → CourseServiceImpl.getAll called with args: [CourseFilter[title=null, topic=null, format=null, minPrice=null, maxPrice=null, minHours=null, maxHours=null, teacherId=null], Page request [number: 0, size 12, sort: id: DESC], true]
2026-05-12T11:54:00.546+03:00  INFO 22044 --- [AdultEducation] [http-nio-8080-exec-7] c.w.A.aspect.LoggingAspect               : ← CourseServiceImpl.getAll completed in 5 ms
2026-05-12T11:54:03.146+03:00  INFO 22044 --- [AdultEducation] [http-nio-8080-exec-8] c.w.A.aspect.LoggingAspect               : → EducationServiceImpl.getMyAsStudent called with args: [EducationFilter[studentId=null, courseId=null, teacherId=null, status=null], Page request [number: 0, size 12, sort: enrolledDate: DESC]]
2026-05-12T11:54:03.146+03:00  INFO 22044 --- [AdultEducation] [http-nio-8080-exec-8] c.w.A.aspect.LoggingAspect               : ← EducationServiceImpl.getMyAsStudent completed in 0 ms
2026-05-12T11:54:05.435+03:00  INFO 22044 --- [AdultEducation] [http-nio-8080-exec-3] c.w.A.aspect.LoggingAspect               : → EducationServiceImpl.getMyAsStudent called with args: [EducationFilter[studentId=null, courseId=null, teacherId=null, status=ACTIVE], Page request [number: 0, size 12, sort: enrolledDate: DESC]]
2026-05-12T11:54:05.439+03:00  INFO 22044 --- [AdultEducation] [http-nio-8080-exec-3] c.w.A.aspect.LoggingAspect               : ← EducationServiceImpl.getMyAsStudent completed in 4 ms
2026-05-12T11:54:05.963+03:00  INFO 22044 --- [AdultEducation] [http-nio-8080-exec-6] c.w.A.aspect.LoggingAspect               : → EducationServiceImpl.getMyAsStudent called with args: [EducationFilter[studentId=null, courseId=null, teacherId=null, status=COMPLETED], Page request [number: 0, size 12, sort: enrolledDate: DESC]]
2026-05-12T11:54:05.963+03:00  INFO 22044 --- [AdultEducation] [http-nio-8080-exec-6] c.w.A.aspect.LoggingAspect               : ← EducationServiceImpl.getMyAsStudent completed in 0 ms
2026-05-12T11:54:06.386+03:00  INFO 22044 --- [AdultEducation] [http-nio-8080-exec-9] c.w.A.aspect.LoggingAspect               : → EducationServiceImpl.getMyAsStudent called with args: [EducationFilter[studentId=null, courseId=null, teacherId=null, status=CANCELLED], Page request [number: 0, size 12, sort: enrolledDate: DESC]]
2026-05-12T11:54:06.392+03:00  INFO 22044 --- [AdultEducation] [http-nio-8080-exec-9] c.w.A.aspect.LoggingAspect               : ← EducationServiceImpl.getMyAsStudent completed in 6 ms
2026-05-12T11:54:07.282+03:00  INFO 22044 --- [AdultEducation] [http-nio-8080-exec-4] c.w.A.aspect.LoggingAspect               : → EducationServiceImpl.getMyAsStudent called with args: [EducationFilter[studentId=null, courseId=null, teacherId=null, status=COMPLETED], Page request [number: 0, size 12, sort: enrolledDate: DESC]]
2026-05-12T11:54:07.285+03:00  INFO 22044 --- [AdultEducation] [http-nio-8080-exec-4] c.w.A.aspect.LoggingAspect               : ← EducationServiceImpl.getMyAsStudent completed in 3 ms
2026-05-12T11:54:34.467+03:00  INFO 22044 --- [AdultEducation] [http-nio-8080-exec-10] c.w.A.aspect.LoggingAspect               : → CourseServiceImpl.getAll called with args: [CourseFilter[title=null, topic=null, format=null, minPrice=null, maxPrice=null, minHours=null, maxHours=null, teacherId=null], Page request [number: 0, size 6, sort: id: DESC], true]
2026-05-12T11:54:34.470+03:00  INFO 22044 --- [AdultEducation] [http-nio-8080-exec-10] c.w.A.aspect.LoggingAspect               : ← CourseServiceImpl.getAll completed in 3 ms
2026-05-12T11:54:36.129+03:00  INFO 22044 --- [AdultEducation] [http-nio-8080-exec-8] c.w.A.aspect.LoggingAspect               : → EducationServiceImpl.getMyAsStudent called with args: [EducationFilter[studentId=null, courseId=null, teacherId=null, status=null], Page request [number: 0, size 12, sort: enrolledDate: DESC]]
2026-05-12T11:54:36.133+03:00  INFO 22044 --- [AdultEducation] [http-nio-8080-exec-8] c.w.A.aspect.LoggingAspect               : ← EducationServiceImpl.getMyAsStudent completed in 4 ms
2026-05-12T11:54:37.452+03:00  INFO 22044 --- [AdultEducation] [http-nio-8080-exec-2] c.w.A.aspect.LoggingAspect               : → CourseServiceImpl.getAll called with args: [CourseFilter[title=null, topic=null, format=null, minPrice=null, maxPrice=null, minHours=null, maxHours=null, teacherId=null], Page request [number: 0, size 6, sort: id: DESC], true]
2026-05-12T11:54:37.455+03:00  INFO 22044 --- [AdultEducation] [http-nio-8080-exec-2] c.w.A.aspect.LoggingAspect               : ← CourseServiceImpl.getAll completed in 3 ms
2026-05-12T11:55:11.951+03:00  INFO 22044 --- [AdultEducation] [http-nio-8080-exec-1] c.w.A.aspect.LoggingAspect               : → AuthService.login called
2026-05-12T11:55:12.215+03:00 ERROR 22044 --- [AdultEducation] [http-nio-8080-exec-1] c.w.A.aspect.LoggingAspect               : ✗ AuthService.login failed after 264 ms: Bad credentials
2026-05-12T11:55:18.079+03:00  INFO 22044 --- [AdultEducation] [http-nio-8080-exec-6] c.w.A.aspect.LoggingAspect               : → AuthService.login called
2026-05-12T11:55:18.354+03:00  INFO 22044 --- [AdultEducation] [http-nio-8080-exec-6] c.w.A.aspect.LoggingAspect               : ← AuthService.login completed in 275 ms
2026-05-12T11:55:18.362+03:00  INFO 22044 --- [AdultEducation] [http-nio-8080-exec-5] c.w.A.aspect.LoggingAspect               : → MeServiceImpl.getMyProfile called with args: []
2026-05-12T11:55:18.362+03:00  INFO 22044 --- [AdultEducation] [http-nio-8080-exec-5] c.w.A.aspect.LoggingAspect               : ← MeServiceImpl.getMyProfile completed in 0 ms
2026-05-12T11:55:18.597+03:00  INFO 22044 --- [AdultEducation] [http-nio-8080-exec-9] c.w.A.aspect.LoggingAspect               : → CourseServiceImpl.getAll called with args: [CourseFilter[title=null, topic=null, format=null, minPrice=null, maxPrice=null, minHours=null, maxHours=null, teacherId=null], Page request [number: 0, size 6, sort: id: DESC], true]
2026-05-12T11:55:18.601+03:00  INFO 22044 --- [AdultEducation] [http-nio-8080-exec-9] c.w.A.aspect.LoggingAspect               : ← CourseServiceImpl.getAll completed in 3 ms
2026-05-12T11:55:20.564+03:00  INFO 22044 --- [AdultEducation] [http-nio-8080-exec-10] c.w.A.aspect.LoggingAspect               : → CourseServiceImpl.getAll called with args: [CourseFilter[title=null, topic=null, format=null, minPrice=null, maxPrice=null, minHours=null, maxHours=null, teacherId=null], Page request [number: 0, size 12, sort: id: DESC], true]
2026-05-12T11:55:20.568+03:00  INFO 22044 --- [AdultEducation] [http-nio-8080-exec-10] c.w.A.aspect.LoggingAspect               : ← CourseServiceImpl.getAll completed in 3 ms
2026-05-12T11:55:22.974+03:00  INFO 22044 --- [AdultEducation] [http-nio-8080-exec-3] c.w.A.aspect.LoggingAspect               : → EducationServiceImpl.getMyAsTeacher called with args: [EducationFilter[studentId=null, courseId=null, teacherId=null, status=null], Page request [number: 0, size 10, sort: enrolledDate: DESC]]
2026-05-12T11:55:22.976+03:00  INFO 22044 --- [AdultEducation] [http-nio-8080-exec-2] c.w.A.aspect.LoggingAspect               : → CourseServiceImpl.getAll called with args: [CourseFilter[title=null, topic=null, format=null, minPrice=null, maxPrice=null, minHours=null, maxHours=null, teacherId=2], Page request [number: 0, size 50, sort: id: DESC], false]
2026-05-12T11:55:22.979+03:00  INFO 22044 --- [AdultEducation] [http-nio-8080-exec-2] c.w.A.aspect.LoggingAspect               : ← CourseServiceImpl.getAll completed in 3 ms
2026-05-12T11:55:22.998+03:00  INFO 22044 --- [AdultEducation] [http-nio-8080-exec-3] c.w.A.aspect.LoggingAspect               : ← EducationServiceImpl.getMyAsTeacher completed in 22 ms
2026-05-12T11:55:28.861+03:00  INFO 22044 --- [AdultEducation] [http-nio-8080-exec-5] c.w.A.aspect.LoggingAspect               : → EducationServiceImpl.getMyAsTeacher called with args: [EducationFilter[studentId=null, courseId=null, teacherId=null, status=null], Page request [number: 0, size 10, sort: enrolledDate: DESC]]
2026-05-12T11:55:28.861+03:00  INFO 22044 --- [AdultEducation] [http-nio-8080-exec-4] c.w.A.aspect.LoggingAspect               : → CourseServiceImpl.getAll called with args: [CourseFilter[title=null, topic=null, format=null, minPrice=null, maxPrice=null, minHours=null, maxHours=null, teacherId=2], Page request [number: 0, size 100, sort: id: ASC], false]
2026-05-12T11:55:28.864+03:00  INFO 22044 --- [AdultEducation] [http-nio-8080-exec-5] c.w.A.aspect.LoggingAspect               : ← EducationServiceImpl.getMyAsTeacher completed in 3 ms
2026-05-12T11:55:28.864+03:00  INFO 22044 --- [AdultEducation] [http-nio-8080-exec-4] c.w.A.aspect.LoggingAspect               : ← CourseServiceImpl.getAll completed in 3 ms
2026-05-12T11:55:39.570+03:00  INFO 22044 --- [AdultEducation] [http-nio-8080-exec-10] c.w.A.aspect.LoggingAspect               : → EducationServiceImpl.getMyAsTeacher called with args: [EducationFilter[studentId=null, courseId=null, teacherId=null, status=null], Page request [number: 0, size 10, sort: enrolledDate: DESC]]
2026-05-12T11:55:39.570+03:00  INFO 22044 --- [AdultEducation] [http-nio-8080-exec-9] c.w.A.aspect.LoggingAspect               : → CourseServiceImpl.getAll called with args: [CourseFilter[title=null, topic=null, format=null, minPrice=null, maxPrice=null, minHours=null, maxHours=null, teacherId=2], Page request [number: 0, size 50, sort: id: DESC], false]
2026-05-12T11:55:39.572+03:00  INFO 22044 --- [AdultEducation] [http-nio-8080-exec-9] c.w.A.aspect.LoggingAspect               : ← CourseServiceImpl.getAll completed in 2 ms
2026-05-12T11:55:39.572+03:00  INFO 22044 --- [AdultEducation] [http-nio-8080-exec-10] c.w.A.aspect.LoggingAspect               : ← EducationServiceImpl.getMyAsTeacher completed in 2 ms
2026-05-12T11:55:46.025+03:00  INFO 22044 --- [AdultEducation] [http-nio-8080-exec-8] c.w.A.aspect.LoggingAspect               : → CourseServiceImpl.getById called with args: [2, true]
2026-05-12T11:55:46.026+03:00  INFO 22044 --- [AdultEducation] [http-nio-8080-exec-8] c.w.A.aspect.LoggingAspect               : ← CourseServiceImpl.getById completed in 1 ms
2026-05-12T11:55:46.067+03:00  INFO 22044 --- [AdultEducation] [http-nio-8080-exec-2] c.w.A.aspect.LoggingAspect               : → LessonServiceImpl.getLessonsForEnrolledStudent called with args: [2]
2026-05-12T11:55:46.067+03:00  INFO 22044 --- [AdultEducation] [http-nio-8080-exec-2] c.w.A.aspect.LoggingAspect               : ← LessonServiceImpl.getLessonsForEnrolledStudent completed in 0 ms
2026-05-12T11:56:00.055+03:00  INFO 22044 --- [AdultEducation] [http-nio-8080-exec-3] c.w.A.aspect.LoggingAspect               : → CourseServiceImpl.getAll called with args: [CourseFilter[title=null, topic=null, format=null, minPrice=null, maxPrice=null, minHours=null, maxHours=null, teacherId=2], Page request [number: 0, size 50, sort: id: DESC], false]
2026-05-12T11:56:00.055+03:00  INFO 22044 --- [AdultEducation] [http-nio-8080-exec-1] c.w.A.aspect.LoggingAspect               : → EducationServiceImpl.getMyAsTeacher called with args: [EducationFilter[studentId=null, courseId=null, teacherId=null, status=null], Page request [number: 0, size 10, sort: enrolledDate: DESC]]
2026-05-12T11:56:00.058+03:00  INFO 22044 --- [AdultEducation] [http-nio-8080-exec-3] c.w.A.aspect.LoggingAspect               : ← CourseServiceImpl.getAll completed in 3 ms
2026-05-12T11:56:00.058+03:00  INFO 22044 --- [AdultEducation] [http-nio-8080-exec-1] c.w.A.aspect.LoggingAspect               : ← EducationServiceImpl.getMyAsTeacher completed in 3 ms
2026-05-12T11:56:01.111+03:00  INFO 22044 --- [AdultEducation] [http-nio-8080-exec-6] c.w.A.aspect.LoggingAspect               : → CourseServiceImpl.getAll called with args: [CourseFilter[title=null, topic=null, format=null, minPrice=null, maxPrice=null, minHours=null, maxHours=null, teacherId=null], Page request [number: 0, size 6, sort: id: DESC], true]
2026-05-12T11:56:01.112+03:00  INFO 22044 --- [AdultEducation] [http-nio-8080-exec-6] c.w.A.aspect.LoggingAspect               : ← CourseServiceImpl.getAll completed in 1 ms
2026-05-12T11:56:03.559+03:00  INFO 22044 --- [AdultEducation] [http-nio-8080-exec-4] c.w.A.aspect.LoggingAspect               : → CourseServiceImpl.getAll called with args: [CourseFilter[title=null, topic=null, format=null, minPrice=null, maxPrice=null, minHours=null, maxHours=null, teacherId=null], Page request [number: 0, size 12, sort: id: DESC], true]
2026-05-12T11:56:03.560+03:00  INFO 22044 --- [AdultEducation] [http-nio-8080-exec-4] c.w.A.aspect.LoggingAspect               : ← CourseServiceImpl.getAll completed in 1 ms
2026-05-12T11:56:07.840+03:00  INFO 22044 --- [AdultEducation] [http-nio-8080-exec-10] c.w.A.aspect.LoggingAspect               : → CourseServiceImpl.getAll called with args: [CourseFilter[title=null, topic=null, format=null, minPrice=null, maxPrice=null, minHours=null, maxHours=null, teacherId=null], Page request [number: 0, size 6, sort: id: DESC], true]
2026-05-12T11:56:07.842+03:00  INFO 22044 --- [AdultEducation] [http-nio-8080-exec-10] c.w.A.aspect.LoggingAspect               : ← CourseServiceImpl.getAll completed in 1 ms
2026-05-12T11:56:20.029+03:00  INFO 22044 --- [AdultEducation] [http-nio-8080-exec-7] c.w.A.aspect.LoggingAspect               : → CourseServiceImpl.getById called with args: [15, true]
2026-05-12T11:56:20.029+03:00  INFO 22044 --- [AdultEducation] [http-nio-8080-exec-8] c.w.A.aspect.LoggingAspect               : → LessonServiceImpl.getLessonsForCoursePreview called with args: [15]
2026-05-12T11:56:20.030+03:00  INFO 22044 --- [AdultEducation] [http-nio-8080-exec-7] c.w.A.aspect.LoggingAspect               : ← CourseServiceImpl.getById completed in 1 ms
2026-05-12T11:56:20.030+03:00  INFO 22044 --- [AdultEducation] [http-nio-8080-exec-8] c.w.A.aspect.LoggingAspect               : ← LessonServiceImpl.getLessonsForCoursePreview completed in 1 ms
2026-05-12T11:56:20.048+03:00  INFO 22044 --- [AdultEducation] [http-nio-8080-exec-2] c.w.A.aspect.LoggingAspect               : → ReviewServiceImpl.getAll called with args: [ReviewFilter[courseId=15, studentId=null, minRating=null, maxRating=null], Page request [number: 0, size 5, sort: id: DESC], true]
2026-05-12T11:56:20.048+03:00  INFO 22044 --- [AdultEducation] [http-nio-8080-exec-3] c.w.A.aspect.LoggingAspect               : → ReviewServiceImpl.getAll called with args: [ReviewFilter[courseId=15, studentId=2, minRating=null, maxRating=null], Page request [number: 0, size 1, sort: id: ASC], true]
2026-05-12T11:56:20.048+03:00  INFO 22044 --- [AdultEducation] [http-nio-8080-exec-3] c.w.A.aspect.LoggingAspect               : ← ReviewServiceImpl.getAll completed in 0 ms
2026-05-12T11:56:20.048+03:00  INFO 22044 --- [AdultEducation] [http-nio-8080-exec-2] c.w.A.aspect.LoggingAspect               : ← ReviewServiceImpl.getAll completed in 0 ms
2026-05-12T11:56:25.709+03:00  INFO 22044 --- [AdultEducation] [http-nio-8080-exec-6] c.w.A.aspect.LoggingAspect               : → PublicServiceImpl.getTeacherById called with args: [7]
2026-05-12T11:56:25.710+03:00  INFO 22044 --- [AdultEducation] [http-nio-8080-exec-4] c.w.A.aspect.LoggingAspect               : → CourseServiceImpl.getAll called with args: [CourseFilter[title=null, topic=null, format=null, minPrice=null, maxPrice=null, minHours=null, maxHours=null, teacherId=7], Page request [number: 0, size 50, sort: createdAt: DESC], true]
2026-05-12T11:56:25.710+03:00  INFO 22044 --- [AdultEducation] [http-nio-8080-exec-6] c.w.A.aspect.LoggingAspect               : ← PublicServiceImpl.getTeacherById completed in 1 ms
2026-05-12T11:56:25.711+03:00  INFO 22044 --- [AdultEducation] [http-nio-8080-exec-4] c.w.A.aspect.LoggingAspect               : ← CourseServiceImpl.getAll completed in 1 ms
2026-05-12T11:56:30.048+03:00  INFO 22044 --- [AdultEducation] [http-nio-8080-exec-9] c.w.A.aspect.LoggingAspect               : → CourseServiceImpl.getById called with args: [14, true]
2026-05-12T11:56:30.049+03:00  INFO 22044 --- [AdultEducation] [http-nio-8080-exec-9] c.w.A.aspect.LoggingAspect               : ← CourseServiceImpl.getById completed in 1 ms
2026-05-12T11:56:30.049+03:00  INFO 22044 --- [AdultEducation] [http-nio-8080-exec-8] c.w.A.aspect.LoggingAspect               : → LessonServiceImpl.getLessonsForCoursePreview called with args: [14]
2026-05-12T11:56:30.049+03:00  INFO 22044 --- [AdultEducation] [http-nio-8080-exec-8] c.w.A.aspect.LoggingAspect               : ← LessonServiceImpl.getLessonsForCoursePreview completed in 0 ms
2026-05-12T11:56:30.068+03:00  INFO 22044 --- [AdultEducation] [http-nio-8080-exec-2] c.w.A.aspect.LoggingAspect               : → ReviewServiceImpl.getAll called with args: [ReviewFilter[courseId=14, studentId=2, minRating=null, maxRating=null], Page request [number: 0, size 1, sort: id: ASC], true]
2026-05-12T11:56:30.068+03:00  INFO 22044 --- [AdultEducation] [http-nio-8080-exec-3] c.w.A.aspect.LoggingAspect               : → ReviewServiceImpl.getAll called with args: [ReviewFilter[courseId=14, studentId=null, minRating=null, maxRating=null], Page request [number: 0, size 5, sort: id: DESC], true]
2026-05-12T11:56:30.068+03:00  INFO 22044 --- [AdultEducation] [http-nio-8080-exec-2] c.w.A.aspect.LoggingAspect               : ← ReviewServiceImpl.getAll completed in 0 ms
2026-05-12T11:56:30.068+03:00  INFO 22044 --- [AdultEducation] [http-nio-8080-exec-3] c.w.A.aspect.LoggingAspect               : ← ReviewServiceImpl.getAll completed in 0 ms
2026-05-12T11:56:35.545+03:00  INFO 22044 --- [AdultEducation] [http-nio-8080-exec-5] c.w.A.aspect.LoggingAspect               : → CourseServiceImpl.getAll called with args: [CourseFilter[title=null, topic=null, format=null, minPrice=null, maxPrice=null, minHours=null, maxHours=null, teacherId=null], Page request [number: 0, size 6, sort: id: DESC], true]
2026-05-12T11:56:35.547+03:00  INFO 22044 --- [AdultEducation] [http-nio-8080-exec-5] c.w.A.aspect.LoggingAspect               : ← CourseServiceImpl.getAll completed in 2 ms
2026-05-12T11:56:37.343+03:00  INFO 22044 --- [AdultEducation] [http-nio-8080-exec-4] c.w.A.aspect.LoggingAspect               : → CourseServiceImpl.getAll called with args: [CourseFilter[title=null, topic=null, format=null, minPrice=null, maxPrice=null, minHours=null, maxHours=null, teacherId=null], Page request [number: 0, size 12, sort: id: DESC], true]
2026-05-12T11:56:37.346+03:00  INFO 22044 --- [AdultEducation] [http-nio-8080-exec-4] c.w.A.aspect.LoggingAspect               : ← CourseServiceImpl.getAll completed in 3 ms
2026-05-12T11:56:50.543+03:00  INFO 22044 --- [AdultEducation] [http-nio-8080-exec-10] c.w.A.aspect.LoggingAspect               : → CourseServiceImpl.getAll called with args: [CourseFilter[title=null, topic=null, format=null, minPrice=null, maxPrice=null, minHours=null, maxHours=null, teacherId=2], Page request [number: 0, size 50, sort: id: DESC], false]
2026-05-12T11:56:50.543+03:00  INFO 22044 --- [AdultEducation] [http-nio-8080-exec-8] c.w.A.aspect.LoggingAspect               : → EducationServiceImpl.getMyAsTeacher called with args: [EducationFilter[studentId=null, courseId=null, teacherId=null, status=null], Page request [number: 0, size 10, sort: enrolledDate: DESC]]
2026-05-12T11:56:50.543+03:00  INFO 22044 --- [AdultEducation] [http-nio-8080-exec-10] c.w.A.aspect.LoggingAspect               : ← CourseServiceImpl.getAll completed in 0 ms
2026-05-12T11:56:50.543+03:00  INFO 22044 --- [AdultEducation] [http-nio-8080-exec-8] c.w.A.aspect.LoggingAspect               : ← EducationServiceImpl.getMyAsTeacher completed in 0 ms
2026-05-12T11:56:55.560+03:00  INFO 22044 --- [AdultEducation] [http-nio-8080-exec-9] c.w.A.aspect.LoggingAspect               : → CourseServiceImpl.getAll called with args: [CourseFilter[title=null, topic=null, format=null, minPrice=null, maxPrice=null, minHours=null, maxHours=null, teacherId=null], Page request [number: 0, size 12, sort: id: DESC], true]
2026-05-12T11:56:55.564+03:00  INFO 22044 --- [AdultEducation] [http-nio-8080-exec-9] c.w.A.aspect.LoggingAspect               : ← CourseServiceImpl.getAll completed in 4 ms
2026-05-12T11:56:58.079+03:00  INFO 22044 --- [AdultEducation] [http-nio-8080-exec-1] c.w.A.aspect.LoggingAspect               : → CourseServiceImpl.getAll called with args: [CourseFilter[title=null, topic=null, format=SELF_PACED, minPrice=null, maxPrice=null, minHours=null, maxHours=null, teacherId=null], Page request [number: 0, size 12, sort: id: DESC], true]
2026-05-12T11:56:58.082+03:00  INFO 22044 --- [AdultEducation] [http-nio-8080-exec-1] c.w.A.aspect.LoggingAspect               : ← CourseServiceImpl.getAll completed in 3 ms
2026-05-12T11:57:04.181+03:00  INFO 22044 --- [AdultEducation] [http-nio-8080-exec-2] c.w.A.aspect.LoggingAspect               : → CourseServiceImpl.getById called with args: [4, true]
2026-05-12T11:57:04.181+03:00  INFO 22044 --- [AdultEducation] [http-nio-8080-exec-6] c.w.A.aspect.LoggingAspect               : → LessonServiceImpl.getLessonsForCoursePreview called with args: [4]
2026-05-12T11:57:04.181+03:00  INFO 22044 --- [AdultEducation] [http-nio-8080-exec-2] c.w.A.aspect.LoggingAspect               : ← CourseServiceImpl.getById completed in 0 ms
2026-05-12T11:57:04.181+03:00  INFO 22044 --- [AdultEducation] [http-nio-8080-exec-6] c.w.A.aspect.LoggingAspect               : ← LessonServiceImpl.getLessonsForCoursePreview completed in 0 ms
2026-05-12T11:57:04.200+03:00  INFO 22044 --- [AdultEducation] [http-nio-8080-exec-8] c.w.A.aspect.LoggingAspect               : → ReviewServiceImpl.getAll called with args: [ReviewFilter[courseId=4, studentId=2, minRating=null, maxRating=null], Page request [number: 0, size 1, sort: id: ASC], true]
2026-05-12T11:57:04.200+03:00  INFO 22044 --- [AdultEducation] [http-nio-8080-exec-10] c.w.A.aspect.LoggingAspect               : → ReviewServiceImpl.getAll called with args: [ReviewFilter[courseId=4, studentId=null, minRating=null, maxRating=null], Page request [number: 0, size 5, sort: id: DESC], true]
2026-05-12T11:57:04.202+03:00  INFO 22044 --- [AdultEducation] [http-nio-8080-exec-8] c.w.A.aspect.LoggingAspect               : ← ReviewServiceImpl.getAll completed in 2 ms
2026-05-12T11:57:04.202+03:00  INFO 22044 --- [AdultEducation] [http-nio-8080-exec-10] c.w.A.aspect.LoggingAspect               : ← ReviewServiceImpl.getAll completed in 1 ms
2026-05-12T11:57:11.053+03:00  INFO 22044 --- [AdultEducation] [SpringApplicationShutdownHook] o.s.boot.tomcat.GracefulShutdown         : Commencing graceful shutdown. Waiting for active requests to complete
2026-05-12T11:57:11.061+03:00  INFO 22044 --- [AdultEducation] [tomcat-shutdown] o.s.boot.tomcat.GracefulShutdown         : Graceful shutdown complete
2026-05-12T11:57:11.070+03:00  INFO 22044 --- [AdultEducation] [SpringApplicationShutdownHook] j.LocalContainerEntityManagerFactoryBean : Closing JPA EntityManagerFactory for persistence unit 'default'
2026-05-12T11:57:11.072+03:00  INFO 22044 --- [AdultEducation] [SpringApplicationShutdownHook] com.zaxxer.hikari.HikariDataSource       : HikariPool-1 - Shutdown initiated...
2026-05-12T11:57:11.076+03:00  INFO 22044 --- [AdultEducation] [SpringApplicationShutdownHook] com.zaxxer.hikari.HikariDataSource       : HikariPool-1 - Shutdown completed.
2026-05-12T22:54:49.782+03:00  INFO 23272 --- [AdultEducation] [main] c.w.A.AdultsEducationApplication         : Starting AdultsEducationApplication using Java 23.0.1 with PID 23272 (D:\коледж\КУРСОВИЙ\AdultsEducation\AdultsEducation\target\classes started by Катя in D:\коледж\КУРСОВИЙ\AdultsEducation\AdultsEducation)
2026-05-12T22:54:49.794+03:00 DEBUG 23272 --- [AdultEducation] [main] c.w.A.AdultsEducationApplication         : Running with Spring Boot v4.0.6, Spring v7.0.7
2026-05-12T22:54:49.795+03:00  INFO 23272 --- [AdultEducation] [main] c.w.A.AdultsEducationApplication         : No active profile set, falling back to 1 default profile: "default"
2026-05-12T22:54:52.456+03:00  INFO 23272 --- [AdultEducation] [main] .s.d.r.c.RepositoryConfigurationDelegate : Bootstrapping Spring Data JPA repositories in DEFAULT mode.
2026-05-12T22:54:52.561+03:00  INFO 23272 --- [AdultEducation] [main] .s.d.r.c.RepositoryConfigurationDelegate : Finished Spring Data repository scanning in 96 ms. Found 10 JPA repository interfaces.
2026-05-12T22:54:53.382+03:00  INFO 23272 --- [AdultEducation] [main] o.s.boot.tomcat.TomcatWebServer          : Tomcat initialized with port 8080 (http)
2026-05-12T22:54:53.400+03:00  INFO 23272 --- [AdultEducation] [main] o.apache.catalina.core.StandardService   : Starting service [Tomcat]
2026-05-12T22:54:53.400+03:00  INFO 23272 --- [AdultEducation] [main] o.apache.catalina.core.StandardEngine    : Starting Servlet engine: [Apache Tomcat/11.0.21]
2026-05-12T22:54:53.460+03:00  INFO 23272 --- [AdultEducation] [main] b.w.c.s.WebApplicationContextInitializer : Root WebApplicationContext: initialization completed in 3616 ms
2026-05-12T22:54:53.668+03:00  INFO 23272 --- [AdultEducation] [main] org.hibernate.orm.jpa                    : HHH008540: Processing PersistenceUnitInfo [name: default]
2026-05-12T22:54:53.752+03:00  INFO 23272 --- [AdultEducation] [main] org.hibernate.orm.core                   : HHH000001: Hibernate ORM core version 7.2.12.Final
2026-05-12T22:54:54.295+03:00  INFO 23272 --- [AdultEducation] [main] o.s.o.j.p.SpringPersistenceUnitInfo      : No LoadTimeWeaver setup: ignoring JPA class transformer
2026-05-12T22:54:54.332+03:00  INFO 23272 --- [AdultEducation] [main] com.zaxxer.hikari.HikariDataSource       : HikariPool-1 - Starting...
2026-05-12T22:54:54.979+03:00  INFO 23272 --- [AdultEducation] [main] com.zaxxer.hikari.pool.HikariPool        : HikariPool-1 - Added connection com.mysql.cj.jdbc.ConnectionImpl@58041b11
2026-05-12T22:54:54.980+03:00  INFO 23272 --- [AdultEducation] [main] com.zaxxer.hikari.HikariDataSource       : HikariPool-1 - Start completed.
2026-05-12T22:54:55.228+03:00  INFO 23272 --- [AdultEducation] [main] org.hibernate.orm.connections.pooling    : HHH10001005: Database info:
	Database JDBC URL [jdbc:mysql://localhost:3306/adults_education?createDatabaseIfNotExist=true&serverTimezone=UTC]
	Database driver: MySQL Connector/J
	Database dialect: MySQLDialect
	Database version: 8.0.34
	Default catalog/schema: adults_education/undefined
	Autocommit mode: undefined/unknown
	Isolation level: REPEATABLE_READ [default REPEATABLE_READ]
	JDBC fetch size: none
	Pool: DataSourceConnectionProvider
	Minimum pool size: undefined/unknown
	Maximum pool size: undefined/unknown
2026-05-12T22:54:56.409+03:00  INFO 23272 --- [AdultEducation] [main] org.hibernate.orm.core                   : HHH000489: No JTA platform available (set 'hibernate.transaction.jta.platform' to enable JTA platform integration)
2026-05-12T22:54:57.669+03:00  INFO 23272 --- [AdultEducation] [main] j.LocalContainerEntityManagerFactoryBean : Initialized JPA EntityManagerFactory for persistence unit 'default'
2026-05-12T22:54:57.773+03:00  INFO 23272 --- [AdultEducation] [main] o.s.d.j.r.query.QueryEnhancerFactories   : Hibernate is in classpath; If applicable, HQL parser will be used.
2026-05-12T22:54:58.023+03:00 DEBUG 23272 --- [AdultEducation] [main] c.w.A.c.s.JwtAuthenticationFilter        : Filter 'jwtAuthenticationFilter' configured for use
2026-05-12T22:54:58.128+03:00  INFO 23272 --- [AdultEducation] [main] eAuthenticationProviderManagerConfigurer : Global AuthenticationManager configured with AuthenticationProvider bean with name authenticationProvider
2026-05-12T22:54:58.128+03:00  WARN 23272 --- [AdultEducation] [main] r$InitializeUserDetailsManagerConfigurer : Global AuthenticationManager configured with an AuthenticationProvider bean. UserDetailsService beans will not be used by Spring Security for automatically configuring username/password login. Consider removing the AuthenticationProvider bean. Alternatively, consider using the UserDetailsService in a manually instantiated DaoAuthenticationProvider. If the current configuration is intentional, to turn off this warning, increase the logging level of 'org.springframework.security.config.annotation.authentication.configuration.InitializeUserDetailsBeanManagerConfigurer' to ERROR
2026-05-12T22:54:59.234+03:00  WARN 23272 --- [AdultEducation] [main] JpaBaseConfiguration$JpaWebConfiguration : spring.jpa.open-in-view is enabled by default. Therefore, database queries may be performed during view rendering. Explicitly configure spring.jpa.open-in-view to disable this warning
2026-05-12T22:55:00.109+03:00  INFO 23272 --- [AdultEducation] [main] o.s.boot.tomcat.TomcatWebServer          : Tomcat started on port 8080 (http) with context path '/'
2026-05-12T22:55:00.115+03:00  INFO 23272 --- [AdultEducation] [main] c.w.A.AdultsEducationApplication         : Started AdultsEducationApplication in 10.865 seconds (process running for 12.457)
2026-05-12T22:55:00.119+03:00  WARN 23272 --- [AdultEducation] [main] o.s.core.events.SpringDocAppInitializer  : SpringDoc /v3/api-docs endpoint is enabled by default. To disable it in production, set the property 'springdoc.api-docs.enabled=false'
2026-05-12T22:55:00.119+03:00  WARN 23272 --- [AdultEducation] [main] o.s.core.events.SpringDocAppInitializer  : SpringDoc /swagger-ui.html endpoint is enabled by default. To disable it in production, set the property 'springdoc.swagger-ui.enabled=false'
2026-05-12T22:57:06.014+03:00  INFO 23272 --- [AdultEducation] [http-nio-8080-exec-1] o.a.c.c.C.[Tomcat].[localhost].[/]       : Initializing Spring DispatcherServlet 'dispatcherServlet'
2026-05-12T22:57:06.014+03:00  INFO 23272 --- [AdultEducation] [http-nio-8080-exec-1] o.s.web.servlet.DispatcherServlet        : Initializing Servlet 'dispatcherServlet'
2026-05-12T22:57:06.017+03:00  INFO 23272 --- [AdultEducation] [http-nio-8080-exec-1] o.s.web.servlet.DispatcherServlet        : Completed initialization in 1 ms
2026-05-12T22:57:06.543+03:00  INFO 23272 --- [AdultEducation] [http-nio-8080-exec-2] c.w.A.aspect.LoggingAspect               : → MeServiceImpl.getMyProfile called with args: []
2026-05-12T22:57:06.558+03:00  INFO 23272 --- [AdultEducation] [http-nio-8080-exec-2] c.w.A.aspect.LoggingAspect               : ← MeServiceImpl.getMyProfile completed in 14 ms
2026-05-12T22:57:06.963+03:00  INFO 23272 --- [AdultEducation] [http-nio-8080-exec-6] c.w.A.aspect.LoggingAspect               : → CourseServiceImpl.getAll called with args: [CourseFilter[title=null, topic=null, format=null, minPrice=null, maxPrice=null, minHours=null, maxHours=null, teacherId=null], Page request [number: 0, size 6, sort: id: DESC], true]
2026-05-12T22:57:07.000+03:00  INFO 23272 --- [AdultEducation] [http-nio-8080-exec-6] c.w.A.aspect.LoggingAspect               : ← CourseServiceImpl.getAll completed in 37 ms
2026-05-12T22:57:07.125+03:00  WARN 23272 --- [AdultEducation] [http-nio-8080-exec-6] ration$PageModule$WarningLoggingModifier : Serializing PageImpl instances as-is is not supported, meaning that there is no guarantee about the stability of the resulting JSON structure!
	For a stable JSON structure, please use Spring Data's PagedModel (globally via @EnableSpringDataWebSupport(pageSerializationMode = VIA_DTO))
	or Spring HATEOAS and Spring Data's PagedResourcesAssembler as documented in https://docs.spring.io/spring-data/commons/reference/repositories/core-extensions.html#core.web.pageables.

2026-05-12T22:57:11.596+03:00  INFO 23272 --- [AdultEducation] [http-nio-8080-exec-7] c.w.A.aspect.LoggingAspect               : → CourseServiceImpl.getAll called with args: [CourseFilter[title=null, topic=null, format=null, minPrice=null, maxPrice=null, minHours=null, maxHours=null, teacherId=2], Page request [number: 0, size 50, sort: id: DESC], false]
2026-05-12T22:57:11.597+03:00  INFO 23272 --- [AdultEducation] [http-nio-8080-exec-6] c.w.A.aspect.LoggingAspect               : → EducationServiceImpl.getMyAsTeacher called with args: [EducationFilter[studentId=null, courseId=null, teacherId=null, status=null], Page request [number: 0, size 10, sort: enrolledDate: DESC]]
2026-05-12T22:57:11.602+03:00  INFO 23272 --- [AdultEducation] [http-nio-8080-exec-7] c.w.A.aspect.LoggingAspect               : ← CourseServiceImpl.getAll completed in 6 ms
2026-05-12T22:57:11.610+03:00  INFO 23272 --- [AdultEducation] [http-nio-8080-exec-6] c.w.A.aspect.LoggingAspect               : ← EducationServiceImpl.getMyAsTeacher completed in 13 ms
2026-05-12T22:57:16.022+03:00  INFO 23272 --- [AdultEducation] [http-nio-8080-exec-2] c.w.A.aspect.LoggingAspect               : → CourseServiceImpl.getAll called with args: [CourseFilter[title=null, topic=null, format=null, minPrice=null, maxPrice=null, minHours=null, maxHours=null, teacherId=null], Page request [number: 0, size 12, sort: id: DESC], true]
2026-05-12T22:57:16.031+03:00  INFO 23272 --- [AdultEducation] [http-nio-8080-exec-2] c.w.A.aspect.LoggingAspect               : ← CourseServiceImpl.getAll completed in 9 ms
2026-05-12T22:57:23.952+03:00  INFO 23272 --- [AdultEducation] [http-nio-8080-exec-1] c.w.A.aspect.LoggingAspect               : → LessonServiceImpl.getLessonsForCoursePreview called with args: [5]
2026-05-12T22:57:23.952+03:00  INFO 23272 --- [AdultEducation] [http-nio-8080-exec-4] c.w.A.aspect.LoggingAspect               : → CourseServiceImpl.getById called with args: [5, true]
2026-05-12T22:57:23.956+03:00  INFO 23272 --- [AdultEducation] [http-nio-8080-exec-4] c.w.A.aspect.LoggingAspect               : ← CourseServiceImpl.getById completed in 4 ms
2026-05-12T22:57:24.004+03:00  INFO 23272 --- [AdultEducation] [http-nio-8080-exec-1] c.w.A.aspect.LoggingAspect               : ← LessonServiceImpl.getLessonsForCoursePreview completed in 52 ms
2026-05-12T22:57:24.040+03:00  INFO 23272 --- [AdultEducation] [http-nio-8080-exec-9] c.w.A.aspect.LoggingAspect               : → ReviewServiceImpl.getAll called with args: [ReviewFilter[courseId=5, studentId=2, minRating=null, maxRating=null], Page request [number: 0, size 1, sort: id: ASC], true]
2026-05-12T22:57:24.040+03:00  INFO 23272 --- [AdultEducation] [http-nio-8080-exec-3] c.w.A.aspect.LoggingAspect               : → ReviewServiceImpl.getAll called with args: [ReviewFilter[courseId=5, studentId=null, minRating=null, maxRating=null], Page request [number: 0, size 5, sort: id: DESC], true]
2026-05-12T22:57:24.046+03:00  INFO 23272 --- [AdultEducation] [http-nio-8080-exec-3] c.w.A.aspect.LoggingAspect               : ← ReviewServiceImpl.getAll completed in 6 ms
2026-05-12T22:57:24.046+03:00  INFO 23272 --- [AdultEducation] [http-nio-8080-exec-9] c.w.A.aspect.LoggingAspect               : ← ReviewServiceImpl.getAll completed in 6 ms
2026-05-12T22:57:27.001+03:00  INFO 23272 --- [AdultEducation] [http-nio-8080-exec-2] c.w.A.aspect.LoggingAspect               : → PublicServiceImpl.getTeacherById called with args: [3]
2026-05-12T22:57:27.003+03:00  INFO 23272 --- [AdultEducation] [http-nio-8080-exec-7] c.w.A.aspect.LoggingAspect               : → CourseServiceImpl.getAll called with args: [CourseFilter[title=null, topic=null, format=null, minPrice=null, maxPrice=null, minHours=null, maxHours=null, teacherId=3], Page request [number: 0, size 50, sort: createdAt: DESC], true]
2026-05-12T22:57:27.003+03:00  INFO 23272 --- [AdultEducation] [http-nio-8080-exec-2] c.w.A.aspect.LoggingAspect               : ← PublicServiceImpl.getTeacherById completed in 1 ms
2026-05-12T22:57:27.008+03:00  INFO 23272 --- [AdultEducation] [http-nio-8080-exec-7] c.w.A.aspect.LoggingAspect               : ← CourseServiceImpl.getAll completed in 5 ms
2026-05-12T22:57:29.782+03:00  INFO 23272 --- [AdultEducation] [http-nio-8080-exec-1] c.w.A.aspect.LoggingAspect               : → LessonServiceImpl.getLessonsForCoursePreview called with args: [5]
2026-05-12T22:57:29.782+03:00  INFO 23272 --- [AdultEducation] [http-nio-8080-exec-4] c.w.A.aspect.LoggingAspect               : → CourseServiceImpl.getById called with args: [5, true]
2026-05-12T22:57:29.784+03:00  INFO 23272 --- [AdultEducation] [http-nio-8080-exec-4] c.w.A.aspect.LoggingAspect               : ← CourseServiceImpl.getById completed in 2 ms
2026-05-12T22:57:29.786+03:00  INFO 23272 --- [AdultEducation] [http-nio-8080-exec-1] c.w.A.aspect.LoggingAspect               : ← LessonServiceImpl.getLessonsForCoursePreview completed in 4 ms
2026-05-12T22:57:29.814+03:00  INFO 23272 --- [AdultEducation] [http-nio-8080-exec-8] c.w.A.aspect.LoggingAspect               : → ReviewServiceImpl.getAll called with args: [ReviewFilter[courseId=5, studentId=2, minRating=null, maxRating=null], Page request [number: 0, size 1, sort: id: ASC], true]
2026-05-12T22:57:29.814+03:00  INFO 23272 --- [AdultEducation] [http-nio-8080-exec-5] c.w.A.aspect.LoggingAspect               : → ReviewServiceImpl.getAll called with args: [ReviewFilter[courseId=5, studentId=null, minRating=null, maxRating=null], Page request [number: 0, size 5, sort: id: DESC], true]
2026-05-12T22:57:29.819+03:00  INFO 23272 --- [AdultEducation] [http-nio-8080-exec-5] c.w.A.aspect.LoggingAspect               : ← ReviewServiceImpl.getAll completed in 4 ms
2026-05-12T22:57:29.819+03:00  INFO 23272 --- [AdultEducation] [http-nio-8080-exec-8] c.w.A.aspect.LoggingAspect               : ← ReviewServiceImpl.getAll completed in 4 ms
2026-05-12T22:57:55.900+03:00  INFO 23272 --- [AdultEducation] [http-nio-8080-exec-9] c.w.A.aspect.LoggingAspect               : → CourseServiceImpl.getAll called with args: [CourseFilter[title=null, topic=null, format=null, minPrice=null, maxPrice=null, minHours=null, maxHours=null, teacherId=null], Page request [number: 0, size 12, sort: id: DESC], true]
2026-05-12T22:57:55.908+03:00  INFO 23272 --- [AdultEducation] [http-nio-8080-exec-9] c.w.A.aspect.LoggingAspect               : ← CourseServiceImpl.getAll completed in 8 ms
2026-05-12T22:57:57.451+03:00  INFO 23272 --- [AdultEducation] [http-nio-8080-exec-6] c.w.A.aspect.LoggingAspect               : → LessonServiceImpl.getLessonsForCoursePreview called with args: [14]
2026-05-12T22:57:57.451+03:00  INFO 23272 --- [AdultEducation] [http-nio-8080-exec-2] c.w.A.aspect.LoggingAspect               : → CourseServiceImpl.getById called with args: [14, true]
2026-05-12T22:57:57.453+03:00  INFO 23272 --- [AdultEducation] [http-nio-8080-exec-2] c.w.A.aspect.LoggingAspect               : ← CourseServiceImpl.getById completed in 2 ms
2026-05-12T22:57:57.455+03:00  INFO 23272 --- [AdultEducation] [http-nio-8080-exec-6] c.w.A.aspect.LoggingAspect               : ← LessonServiceImpl.getLessonsForCoursePreview completed in 4 ms
2026-05-12T22:57:57.481+03:00  INFO 23272 --- [AdultEducation] [http-nio-8080-exec-8] c.w.A.aspect.LoggingAspect               : → ReviewServiceImpl.getAll called with args: [ReviewFilter[courseId=14, studentId=2, minRating=null, maxRating=null], Page request [number: 0, size 1, sort: id: ASC], true]
2026-05-12T22:57:57.481+03:00  INFO 23272 --- [AdultEducation] [http-nio-8080-exec-4] c.w.A.aspect.LoggingAspect               : → ReviewServiceImpl.getAll called with args: [ReviewFilter[courseId=14, studentId=null, minRating=null, maxRating=null], Page request [number: 0, size 5, sort: id: DESC], true]
2026-05-12T22:57:57.486+03:00  INFO 23272 --- [AdultEducation] [http-nio-8080-exec-8] c.w.A.aspect.LoggingAspect               : ← ReviewServiceImpl.getAll completed in 3 ms
2026-05-12T22:57:57.487+03:00  INFO 23272 --- [AdultEducation] [http-nio-8080-exec-4] c.w.A.aspect.LoggingAspect               : ← ReviewServiceImpl.getAll completed in 4 ms
2026-05-12T22:57:58.686+03:00  INFO 23272 --- [AdultEducation] [http-nio-8080-exec-10] c.w.A.aspect.LoggingAspect               : → PublicServiceImpl.getTeacherById called with args: [7]
2026-05-12T22:57:58.686+03:00  INFO 23272 --- [AdultEducation] [http-nio-8080-exec-3] c.w.A.aspect.LoggingAspect               : → CourseServiceImpl.getAll called with args: [CourseFilter[title=null, topic=null, format=null, minPrice=null, maxPrice=null, minHours=null, maxHours=null, teacherId=7], Page request [number: 0, size 50, sort: createdAt: DESC], true]
2026-05-12T22:57:58.688+03:00  INFO 23272 --- [AdultEducation] [http-nio-8080-exec-10] c.w.A.aspect.LoggingAspect               : ← PublicServiceImpl.getTeacherById completed in 2 ms
2026-05-12T22:57:58.688+03:00  INFO 23272 --- [AdultEducation] [http-nio-8080-exec-3] c.w.A.aspect.LoggingAspect               : ← CourseServiceImpl.getAll completed in 2 ms
2026-05-12T22:58:01.959+03:00  INFO 23272 --- [AdultEducation] [http-nio-8080-exec-6] c.w.A.aspect.LoggingAspect               : → CourseServiceImpl.getAll called with args: [CourseFilter[title=null, topic=null, format=null, minPrice=null, maxPrice=null, minHours=null, maxHours=null, teacherId=null], Page request [number: 0, size 6, sort: id: DESC], true]
2026-05-12T22:58:01.971+03:00  INFO 23272 --- [AdultEducation] [http-nio-8080-exec-6] c.w.A.aspect.LoggingAspect               : ← CourseServiceImpl.getAll completed in 12 ms
2026-05-12T22:58:06.494+03:00  INFO 23272 --- [AdultEducation] [http-nio-8080-exec-1] c.w.A.aspect.LoggingAspect               : → CourseServiceImpl.getAll called with args: [CourseFilter[title=null, topic=null, format=null, minPrice=null, maxPrice=null, minHours=null, maxHours=null, teacherId=null], Page request [number: 0, size 12, sort: id: DESC], true]
2026-05-12T22:58:06.501+03:00  INFO 23272 --- [AdultEducation] [http-nio-8080-exec-1] c.w.A.aspect.LoggingAspect               : ← CourseServiceImpl.getAll completed in 7 ms
2026-05-12T22:58:09.650+03:00  INFO 23272 --- [AdultEducation] [http-nio-8080-exec-9] c.w.A.aspect.LoggingAspect               : → CourseServiceImpl.getById called with args: [6, true]
2026-05-12T22:58:09.650+03:00  INFO 23272 --- [AdultEducation] [http-nio-8080-exec-4] c.w.A.aspect.LoggingAspect               : → LessonServiceImpl.getLessonsForCoursePreview called with args: [6]
2026-05-12T22:58:09.653+03:00  INFO 23272 --- [AdultEducation] [http-nio-8080-exec-9] c.w.A.aspect.LoggingAspect               : ← CourseServiceImpl.getById completed in 2 ms
2026-05-12T22:58:09.654+03:00  INFO 23272 --- [AdultEducation] [http-nio-8080-exec-4] c.w.A.aspect.LoggingAspect               : ← LessonServiceImpl.getLessonsForCoursePreview completed in 3 ms
2026-05-12T22:58:09.683+03:00  INFO 23272 --- [AdultEducation] [http-nio-8080-exec-3] c.w.A.aspect.LoggingAspect               : → ReviewServiceImpl.getAll called with args: [ReviewFilter[courseId=6, studentId=2, minRating=null, maxRating=null], Page request [number: 0, size 1, sort: id: ASC], true]
2026-05-12T22:58:09.683+03:00  INFO 23272 --- [AdultEducation] [http-nio-8080-exec-2] c.w.A.aspect.LoggingAspect               : → ReviewServiceImpl.getAll called with args: [ReviewFilter[courseId=6, studentId=null, minRating=null, maxRating=null], Page request [number: 0, size 5, sort: id: DESC], true]
2026-05-12T22:58:09.686+03:00  INFO 23272 --- [AdultEducation] [http-nio-8080-exec-3] c.w.A.aspect.LoggingAspect               : ← ReviewServiceImpl.getAll completed in 3 ms
2026-05-12T22:58:09.686+03:00  INFO 23272 --- [AdultEducation] [http-nio-8080-exec-2] c.w.A.aspect.LoggingAspect               : ← ReviewServiceImpl.getAll completed in 3 ms
2026-05-12T22:58:12.243+03:00  INFO 23272 --- [AdultEducation] [http-nio-8080-exec-6] c.w.A.aspect.LoggingAspect               : → CourseServiceImpl.getAll called with args: [CourseFilter[title=null, topic=null, format=null, minPrice=null, maxPrice=null, minHours=null, maxHours=null, teacherId=null], Page request [number: 0, size 12, sort: id: DESC], true]
2026-05-12T22:58:12.248+03:00  INFO 23272 --- [AdultEducation] [http-nio-8080-exec-6] c.w.A.aspect.LoggingAspect               : ← CourseServiceImpl.getAll completed in 5 ms
2026-05-12T22:58:14.517+03:00  INFO 23272 --- [AdultEducation] [http-nio-8080-exec-4] c.w.A.aspect.LoggingAspect               : → LessonServiceImpl.getLessonsForCoursePreview called with args: [8]
2026-05-12T22:58:14.517+03:00  INFO 23272 --- [AdultEducation] [http-nio-8080-exec-8] c.w.A.aspect.LoggingAspect               : → CourseServiceImpl.getById called with args: [8, true]
2026-05-12T22:58:14.518+03:00  INFO 23272 --- [AdultEducation] [http-nio-8080-exec-8] c.w.A.aspect.LoggingAspect               : ← CourseServiceImpl.getById completed in 1 ms
2026-05-12T22:58:14.520+03:00  INFO 23272 --- [AdultEducation] [http-nio-8080-exec-4] c.w.A.aspect.LoggingAspect               : ← LessonServiceImpl.getLessonsForCoursePreview completed in 3 ms
2026-05-12T22:58:14.544+03:00  INFO 23272 --- [AdultEducation] [http-nio-8080-exec-5] c.w.A.aspect.LoggingAspect               : → ReviewServiceImpl.getAll called with args: [ReviewFilter[courseId=8, studentId=2, minRating=null, maxRating=null], Page request [number: 0, size 1, sort: id: ASC], true]
2026-05-12T22:58:14.544+03:00  INFO 23272 --- [AdultEducation] [http-nio-8080-exec-3] c.w.A.aspect.LoggingAspect               : → ReviewServiceImpl.getAll called with args: [ReviewFilter[courseId=8, studentId=null, minRating=null, maxRating=null], Page request [number: 0, size 5, sort: id: DESC], true]
2026-05-12T22:58:14.547+03:00  INFO 23272 --- [AdultEducation] [http-nio-8080-exec-3] c.w.A.aspect.LoggingAspect               : ← ReviewServiceImpl.getAll completed in 2 ms
2026-05-12T22:58:14.547+03:00  INFO 23272 --- [AdultEducation] [http-nio-8080-exec-5] c.w.A.aspect.LoggingAspect               : ← ReviewServiceImpl.getAll completed in 2 ms
2026-05-12T22:58:16.112+03:00  INFO 23272 --- [AdultEducation] [http-nio-8080-exec-1] c.w.A.aspect.LoggingAspect               : → PublicServiceImpl.getTeacherById called with args: [4]
2026-05-12T22:58:16.113+03:00  INFO 23272 --- [AdultEducation] [http-nio-8080-exec-7] c.w.A.aspect.LoggingAspect               : → CourseServiceImpl.getAll called with args: [CourseFilter[title=null, topic=null, format=null, minPrice=null, maxPrice=null, minHours=null, maxHours=null, teacherId=4], Page request [number: 0, size 50, sort: createdAt: DESC], true]
2026-05-12T22:58:16.113+03:00  INFO 23272 --- [AdultEducation] [http-nio-8080-exec-1] c.w.A.aspect.LoggingAspect               : ← PublicServiceImpl.getTeacherById completed in 0 ms
2026-05-12T22:58:16.117+03:00  INFO 23272 --- [AdultEducation] [http-nio-8080-exec-7] c.w.A.aspect.LoggingAspect               : ← CourseServiceImpl.getAll completed in 4 ms
